Workbook

Sheet Du lieu
A1: NĂM | B1: 2026
A2: Kế hoạch hiệu chỉnh Hợp đồng
D3: ITO | G3: UNI | J3: BIZ | M3: G2B
A4: Tháng | B4: Có cộng dồn | D4: KH hiệu chỉnh | E4: Thực tế | G4: KH hiệu chỉnh | H4: Thực tế | J4: KH hiệu chỉnh | K4: Thực tế | M4: KH hiệu chỉnh | N4: Thực tế
A5: 1 | B5: X | D5: =#REF! -> #REF! | E5: =#REF! -> #REF! | G5: =#REF! -> #REF! | H5: =#REF! -> #REF! | J5: =#REF! -> #REF! | K5: =#REF! -> #REF! | M5: =#REF! -> #REF! | N5: =#REF! -> #REF!
A6: 2 | B6: =IF(YEAR(TODAY())=$B$1, IF(A6<MONTH(TODAY()), "","X"), IF(A6<>12, "","X")) -> X | D6: =#REF! -> #REF! | E6: =#REF! -> #REF! | G6: =#REF! -> #REF! | H6: =#REF! -> #REF! | J6: =#REF! -> #REF! | K6: =#REF! -> #REF! | M6: =#REF! -> #REF! | N6: =#REF! -> #REF!
A7: 3 | B7: =IF(YEAR(TODAY())=$B$1, IF(A7<MONTH(TODAY()), "","X"), IF(A7<>12, "","X")) -> X | D7: =#REF! -> #REF! | E7: =#REF! -> #REF! | G7: =#REF! -> #REF! | H7: =#REF! -> #REF! | J7: =#REF! -> #REF! | K7: =#REF! -> #REF! | M7: =#REF! -> #REF! | N7: =#REF! -> #REF!
A8: 4 | B8: =IF(YEAR(TODAY())=$B$1, IF(A8<MONTH(TODAY()), "","X"), IF(A8<>12, "","X")) -> X | D8: =#REF! -> #REF! | E8: =#REF! -> #REF! | G8: =#REF! -> #REF! | H8: =#REF! -> #REF! | J8: =#REF! -> #REF! | K8: =#REF! -> #REF! | M8: =#REF! -> #REF! | N8: =#REF! -> #REF!
A9: 5 | B9: =IF(YEAR(TODAY())=$B$1, IF(A9<MONTH(TODAY()), "","X"), IF(A9<>12, "","X")) -> X | D9: =#REF! -> #REF! | E9: =#REF! -> #REF! | G9: =#REF! -> #REF! | H9: =#REF! -> #REF! | J9: =#REF! -> #REF! | K9: =#REF! -> #REF! | M9: =#REF! -> #REF! | N9: =#REF! -> #REF!
A10: 6 | B10: =IF(YEAR(TODAY())=$B$1, IF(A10<MONTH(TODAY()), "","X"), IF(A10<>12, "","X")) -> X | D10: =#REF! -> #REF! | E10: =#REF! -> #REF! | G10: =#REF! -> #REF! | H10: =#REF! -> #REF! | J10: =#REF! -> #REF! | K10: =#REF! -> #REF! | M10: =#REF! -> #REF! | N10: =#REF! -> #REF!
A11: 7 | B11: =IF(YEAR(TODAY())=$B$1, IF(A11<MONTH(TODAY()), "","X"), IF(A11<>12, "","X")) -> X | D11: =#REF! -> #REF! | E11: =#REF! -> #REF! | G11: =#REF! -> #REF! | H11: =#REF! -> #REF! | J11: =#REF! -> #REF! | K11: =#REF! -> #REF! | M11: =#REF! -> #REF! | N11: =#REF! -> #REF!
A12: 8 | B12: =IF(YEAR(TODAY())=$B$1, IF(A12<MONTH(TODAY()), "","X"), IF(A12<>12, "","X")) -> X | D12: =#REF! -> #REF! | E12: =#REF! -> #REF! | G12: =#REF! -> #REF! | H12: =#REF! -> #REF! | J12: =#REF! -> #REF! | K12: =#REF! -> #REF! | M12: =#REF! -> #REF! | N12: =#REF! -> #REF!
A13: 9 | B13: =IF(YEAR(TODAY())=$B$1, IF(A13<MONTH(TODAY()), "","X"), IF(A13<>12, "","X")) -> X | D13: =#REF! -> #REF! | E13: =#REF! -> #REF! | G13: =#REF! -> #REF! | H13: =#REF! -> #REF! | J13: =#REF! -> #REF! | K13: =#REF! -> #REF! | M13: =#REF! -> #REF! | N13: =#REF! -> #REF!
A14: 10 | B14: =IF(YEAR(TODAY())=$B$1, IF(A14<MONTH(TODAY()), "","X"), IF(A14<>12, "","X")) -> X | D14: =#REF! -> #REF! | E14: =#REF! -> #REF! | G14: =#REF! -> #REF! | H14: =#REF! -> #REF! | J14: =#REF! -> #REF! | K14: =#REF! -> #REF! | M14: =#REF! -> #REF! | N14: =#REF! -> #REF!
A15: 11 | B15: =IF(YEAR(TODAY())=$B$1, IF(A15<MONTH(TODAY()), "","X"), IF(A15<>12, "","X")) -> X | D15: =#REF! -> #REF! | E15: =#REF! -> #REF! | G15: =#REF! -> #REF! | H15: =#REF! -> #REF! | J15: =#REF! -> #REF! | K15: =#REF! -> #REF! | M15: =#REF! -> #REF! | N15: =#REF! -> #REF!
A16: 12 | B16: =IF(YEAR(TODAY())=$B$1, IF(A16<MONTH(TODAY()), "","X"), IF(A16<>12, "","X")) -> X | D16: =#REF! -> #REF! | E16: =#REF! -> #REF! | G16: =#REF! -> #REF! | H16: =#REF! -> #REF! | J16: =#REF! -> #REF! | K16: =#REF! -> #REF! | M16: =#REF! -> #REF! | N16: =#REF! -> #REF!
A17: Năm | D17: =SUMIF($B$5:$B$16, "X", D5:D16) -> #REF! | E17: =SUMIF($B$5:$B$16, "", E5:E16) -> 0 | G17: =SUMIF($B$5:$B$16, "X", G5:G16) -> #REF! | H17: =SUMIF($B$5:$B$16, "", H5:H16) -> 0 | J17: =SUMIF($B$5:$B$16, "X", J5:J16) -> #REF! | K17: =SUMIF($B$5:$B$16, "", K5:K16) -> 0 | M17: =SUMIF($B$5:$B$16, "X", M5:M16) -> #REF! | N17: =SUMIF($B$5:$B$16, "", N5:N16) -> 0
A19: Kế hoạch hiệu chỉnh Doanh thu
D20: ITO | G20: UNI | J20: BIZ | M20: G2B
A21: Tháng | B21: Có cộng dồn | D21: KH hiệu chỉnh | E21: Thực tế | G21: KH hiệu chỉnh | H21: Thực tế | J21: KH hiệu chỉnh | K21: Thực tế | M21: KH hiệu chỉnh | N21: Thực tế
A22: 1 | B22: X | D22: =#REF! -> #REF! | E22: =#REF! -> #REF! | G22: =#REF! -> #REF! | H22: =#REF! -> #REF! | J22: =#REF! -> #REF! | K22: =#REF! -> #REF! | M22: =#REF! -> #REF! | N22: =#REF! -> #REF!
A23: 2 | B23: =IF(YEAR(TODAY())=$B$1, IF(A23<MONTH(TODAY()), "","X"), IF(A23<>12, "","X")) -> X | D23: =#REF! -> #REF! | E23: =#REF! -> #REF! | G23: =#REF! -> #REF! | H23: =#REF! -> #REF! | J23: =#REF! -> #REF! | K23: =#REF! -> #REF! | M23: =#REF! -> #REF! | N23: =#REF! -> #REF!
A24: 3 | B24: =IF(YEAR(TODAY())=$B$1, IF(A24<MONTH(TODAY()), "","X"), IF(A24<>12, "","X")) -> X | D24: =#REF! -> #REF! | E24: =#REF! -> #REF! | G24: =#REF! -> #REF! | H24: =#REF! -> #REF! | J24: =#REF! -> #REF! | K24: =#REF! -> #REF! | M24: =#REF! -> #REF! | N24: =#REF! -> #REF!
A25: 4 | B25: =IF(YEAR(TODAY())=$B$1, IF(A25<MONTH(TODAY()), "","X"), IF(A25<>12, "","X")) -> X | D25: =#REF! -> #REF! | E25: =#REF! -> #REF! | G25: =#REF! -> #REF! | H25: =#REF! -> #REF! | J25: =#REF! -> #REF! | K25: =#REF! -> #REF! | M25: =#REF! -> #REF! | N25: =#REF! -> #REF!
A26: 5 | B26: =IF(YEAR(TODAY())=$B$1, IF(A26<MONTH(TODAY()), "","X"), IF(A26<>12, "","X")) -> X | D26: =#REF! -> #REF! | E26: =#REF! -> #REF! | G26: =#REF! -> #REF! | H26: =#REF! -> #REF! | J26: =#REF! -> #REF! | K26: =#REF! -> #REF! | M26: =#REF! -> #REF! | N26: =#REF! -> #REF!
A27: 6 | B27: =IF(YEAR(TODAY())=$B$1, IF(A27<MONTH(TODAY()), "","X"), IF(A27<>12, "","X")) -> X | D27: =#REF! -> #REF! | E27: =#REF! -> #REF! | G27: =#REF! -> #REF! | H27: =#REF! -> #REF! | J27: =#REF! -> #REF! | K27: =#REF! -> #REF! | M27: =#REF! -> #REF! | N27: =#REF! -> #REF!
A28: 7 | B28: =IF(YEAR(TODAY())=$B$1, IF(A28<MONTH(TODAY()), "","X"), IF(A28<>12, "","X")) -> X | D28: =#REF! -> #REF! | E28: =#REF! -> #REF! | G28: =#REF! -> #REF! | H28: =#REF! -> #REF! | J28: =#REF! -> #REF! | K28: =#REF! -> #REF! | M28: =#REF! -> #REF! | N28: =#REF! -> #REF!
A29: 8 | B29: =IF(YEAR(TODAY())=$B$1, IF(A29<MONTH(TODAY()), "","X"), IF(A29<>12, "","X")) -> X | D29: =#REF! -> #REF! | E29: =#REF! -> #REF! | G29: =#REF! -> #REF! | H29: =#REF! -> #REF! | J29: =#REF! -> #REF! | K29: =#REF! -> #REF! | M29: =#REF! -> #REF! | N29: =#REF! -> #REF!
A30: 9 | B30: =IF(YEAR(TODAY())=$B$1, IF(A30<MONTH(TODAY()), "","X"), IF(A30<>12, "","X")) -> X | D30: =#REF! -> #REF! | E30: =#REF! -> #REF! | G30: =#REF! -> #REF! | H30: =#REF! -> #REF! | J30: =#REF! -> #REF! | K30: =#REF! -> #REF! | M30: =#REF! -> #REF! | N30: =#REF! -> #REF!
A31: 10 | B31: =IF(YEAR(TODAY())=$B$1, IF(A31<MONTH(TODAY()), "","X"), IF(A31<>12, "","X")) -> X | D31: =#REF! -> #REF! | E31: =#REF! -> #REF! | G31: =#REF! -> #REF! | H31: =#REF! -> #REF! | J31: =#REF! -> #REF! | K31: =#REF! -> #REF! | M31: =#REF! -> #REF! | N31: =#REF! -> #REF!
A32: 11 | B32: =IF(YEAR(TODAY())=$B$1, IF(A32<MONTH(TODAY()), "","X"), IF(A32<>12, "","X")) -> X | D32: =#REF! -> #REF! | E32: =#REF! -> #REF! | G32: =#REF! -> #REF! | H32: =#REF! -> #REF! | J32: =#REF! -> #REF! | K32: =#REF! -> #REF! | M32: =#REF! -> #REF! | N32: =#REF! -> #REF!
A33: 12 | B33: =IF(YEAR(TODAY())=$B$1, IF(A33<MONTH(TODAY()), "","X"), IF(A33<>12, "","X")) -> X | D33: =#REF! -> #REF! | E33: =#REF! -> #REF! | G33: =#REF! -> #REF! | H33: =#REF! -> #REF! | J33: =#REF! -> #REF! | K33: =#REF! -> #REF! | M33: =#REF! -> #REF! | N33: =#REF! -> #REF!
A34: Năm | D34: =SUMIF($B$22:$B$33, "X", D22:D33) -> #REF! | E34: =SUMIF($B$22:$B$33, "", E22:E33) -> 0 | G34: =SUMIF($B$22:$B$33, "X", G22:G33) -> #REF! | H34: =SUMIF($B$22:$B$33, "", H22:H33) -> 0 | J34: =SUMIF($B$22:$B$33, "X", J22:J33) -> #REF! | K34: =SUMIF($B$22:$B$33, "", K22:K33) -> 0 | M34: =SUMIF($B$22:$B$33, "X", M22:M33) -> #REF! | N34: =SUMIF($B$22:$B$33, "", N22:N33) -> 0
A36: Kế hoạch hiệu chỉnh Doanh thu từ HĐ mới
C38: UNI | G38: BIZ | K38: G2B
A39: Tháng | B39: Có cộng dồn | C39: KH hiệu chỉnh | D39: Thực tế | G39: KH hiệu chỉnh | H39: Thực tế | K39: KH hiệu chỉnh | L39: Thực tế
A40: 1 | B40: =IF(YEAR(TODAY())=$B$1, IF(A40<MONTH(TODAY()), "","X"), IF(A40<>12, "","X")) | C40: =#REF! -> #REF! | D40: =#REF! -> #REF! | G40: =#REF! -> #REF! | H40: =#REF! -> #REF! | K40: =#REF! -> #REF! | L40: =#REF! -> #REF!
A41: 2 | B41: =IF(YEAR(TODAY())=$B$1, IF(A41<MONTH(TODAY()), "","X"), IF(A41<>12, "","X")) -> X | C41: =#REF! -> #REF! | D41: =#REF! -> #REF! | G41: =#REF! -> #REF! | H41: =#REF! -> #REF! | K41: =#REF! -> #REF! | L41: =#REF! -> #REF!
A42: 3 | B42: =IF(YEAR(TODAY())=$B$1, IF(A42<MONTH(TODAY()), "","X"), IF(A42<>12, "","X")) -> X | C42: =#REF! -> #REF! | D42: =#REF! -> #REF! | G42: =#REF! -> #REF! | H42: =#REF! -> #REF! | K42: =#REF! -> #REF! | L42: =#REF! -> #REF!
A43: 4 | B43: =IF(YEAR(TODAY())=$B$1, IF(A43<MONTH(TODAY()), "","X"), IF(A43<>12, "","X")) -> X | C43: =#REF! -> #REF! | D43: =#REF! -> #REF! | G43: =#REF! -> #REF! | H43: =#REF! -> #REF! | K43: =#REF! -> #REF! | L43: =#REF! -> #REF!
A44: 5 | B44: =IF(YEAR(TODAY())=$B$1, IF(A44<MONTH(TODAY()), "","X"), IF(A44<>12, "","X")) -> X | C44: =#REF! -> #REF! | D44: =#REF! -> #REF! | G44: =#REF! -> #REF! | H44: =#REF! -> #REF! | K44: =#REF! -> #REF! | L44: =#REF! -> #REF!
A45: 6 | B45: =IF(YEAR(TODAY())=$B$1, IF(A45<MONTH(TODAY()), "","X"), IF(A45<>12, "","X")) -> X | C45: =#REF! -> #REF! | D45: =#REF! -> #REF! | G45: =#REF! -> #REF! | H45: =#REF! -> #REF! | K45: =#REF! -> #REF! | L45: =#REF! -> #REF!
A46: 7 | B46: =IF(YEAR(TODAY())=$B$1, IF(A46<MONTH(TODAY()), "","X"), IF(A46<>12, "","X")) -> X | C46: =#REF! -> #REF! | D46: =#REF! -> #REF! | G46: =#REF! -> #REF! | H46: =#REF! -> #REF! | K46: =#REF! -> #REF! | L46: =#REF! -> #REF!
A47: 8 | B47: =IF(YEAR(TODAY())=$B$1, IF(A47<MONTH(TODAY()), "","X"), IF(A47<>12, "","X")) -> X | C47: =#REF! -> #REF! | D47: =#REF! -> #REF! | G47: =#REF! -> #REF! | H47: =#REF! -> #REF! | K47: =#REF! -> #REF! | L47: =#REF! -> #REF!
A48: 9 | B48: =IF(YEAR(TODAY())=$B$1, IF(A48<MONTH(TODAY()), "","X"), IF(A48<>12, "","X")) -> X | C48: =#REF! -> #REF! | D48: =#REF! -> #REF! | G48: =#REF! -> #REF! | H48: =#REF! -> #REF! | K48: =#REF! -> #REF! | L48: =#REF! -> #REF!
A49: 10 | B49: =IF(YEAR(TODAY())=$B$1, IF(A49<MONTH(TODAY()), "","X"), IF(A49<>12, "","X")) -> X | C49: =#REF! -> #REF! | D49: =#REF! -> #REF! | G49: =#REF! -> #REF! | H49: =#REF! -> #REF! | K49: =#REF! -> #REF! | L49: =#REF! -> #REF!
A50: 11 | B50: =IF(YEAR(TODAY())=$B$1, IF(A50<MONTH(TODAY()), "","X"), IF(A50<>12, "","X")) -> X | C50: =#REF! -> #REF! | D50: =#REF! -> #REF! | G50: =#REF! -> #REF! | H50: =#REF! -> #REF! | K50: =#REF! -> #REF! | L50: =#REF! -> #REF!
A51: 12 | B51: =IF(YEAR(TODAY())=$B$1, IF(A51<MONTH(TODAY()), "","X"), IF(A51<>12, "","X")) -> X | C51: =#REF! -> #REF! | D51: =#REF! -> #REF! | G51: =#REF! -> #REF! | H51: =#REF! -> #REF! | K51: =#REF! -> #REF! | L51: =#REF! -> #REF!
A52: Năm | C52: =SUMIF($B$40:$B$51, "X", C40:C51) -> #REF! | D52: =SUMIF($B$40:$B$51, "", D40:D51) -> #REF! | G52: =SUMIF($B$40:$B$51, "X", G40:G51) -> #REF! | H52: =SUMIF($B$40:$B$51, "", H40:H51) -> #REF! | K52: =SUMIF($B$40:$B$51, "X", K40:K51) -> #REF! | L52: =SUMIF($B$40:$B$51, "", L40:L51) -> #REF!

Sheet README
A1: HƯỚNG DẪN SỬ DỤNG
B3: MỤC TIÊU | C3: THAO TÁC SỬ DỤNG
A4: ĐẦU NĂM
A5: Thông số sử dụng | B5: - Định đúng thông số | C5: - Kiểm tra thời gian thiết đặt trên máy có đúng với thực tế
C6: - Sheet "Du lieu" (mặc định ẩn): đặt đúng năm tại ô B1
A7: Sheet "TH theo khach hang" | B7: - Lập kế hoạch doanh thu, hợp đồng cả năm theo khách hàng | C7: - Nhập từ cột A-F sheet
A8: Sheet "Ke hoach theo thang" | B8: - Lập kế hoạch chi tiết vào từng tháng của năm | C8: - Nhập từ cột J- AG. Nếu D&F khác 0, có nghĩa là chưa phân bổ đầy đủ vào tháng
C9: - Từ cột B-I là công thức: không nhập liệu, dùng để tham khảo và đối chiếu
C10: - Đối chiếu xong, có thể ẩn cột D-G
A11: HÀNG THÁNG
A12: Sheet "Thang xx" | B12: - Theo dõi doanh thu, hợp đồng từng tháng | C12: - Cột C, D, E, H là công thức: không nhập liệu
C13: - Cột F, I: mặc định theo kế hoạch đầu năm. Có thể nhập số liệu hiệu chỉnh theo tình hình hiện tại
C14: - Xác định cột J: Nếu doanh thu từ hợp đồng mới ký thì đánh dấu "x"
C15: - Cập nhật số liệu thực tế ở cột G, J và hiện trạng ở cột L
A16: QUẢN LÝ
A17: Sheet "Thuc te theo thang" | B17: - Tổng hợp số liệu thực tế doanh thu, hợp đồng chi tiết theo khách hàng trong 12 tháng | C17: - Tất cả các cột (trừ cột A) là công thức: không nhập liệu
A18: Sheet "Tong hop (TH)" | B18: - Tổng hợp số liệu doanh thu hợp đồng theo tháng, quý, năm | C18: - Tất cả các cột là công thức: không nhập liệu
B19: - Doanh thu, hợp đồng theo tháng, theo nhóm
B20: - Doanh thu theo tháng, theo nhóm phân biệt thu từ hợp đồng mới hay từ dự án
B21: - Doanh thu, hợp đồng theo quý theo nhóm
B22: - So sánh doanh thu, hợp đồng so với năm trước
A23: Sheet "KH hieu chinh theo thang" | B23: - Tổng hợp số liệu của KH hiệu chỉnh doanh thu, hợp đồng chi tiết theo khách hàng trong 12 tháng | C23: - Tất cả các cột (trừ cột A) là công thức: không nhập liệu
C24: - Nếu cột H không bằng cột I => có khả năng chưa lên KH hiệu chỉnh Doanh thu đầy đủ
A25: CUỐI NĂM
A26: Sheet "TH theo khach hang" | B26: - Báo cáo doanh thu, hợp đồng thực tế trong năm và doanh thu còn lại chuyển sang năm sau theo khách hàng. | C26: - Cột G, H, J là công thức: không nhập liệu
B27: - Cập nhật các thông tin ghi doanh thu từ Kế toán, các thông tin công nợ cần thu năm sau từ Thu hồi công nợ và thông tin khác | C27: - Nhập từ cột I, K, L sheet
A28: LƯU Ý KHI SỬ DỤNG
A29: Nếu phát sinh thêm khách hàng so với kế hoạch đầu năm (trong vòng 40 khách hàng của nhóm UNI, BIZ, GOV) | B29: - Nhập thông tin khách hàng duy nhất 1 lần ở sheet "TH theo khach hang" | C29: - Bước 1 - Sheet "TH theo khach hang": + Nhập cột A, B, C - Bước 2 - Các sheet "Thang xx" (từ tháng có phát sinh đến tháng 12): + Nhập theo đúng nguyên tắc của sheet này
A30: Sheet "Thang xx" | B30: - Cần tập trung vào khách hàng đang thực hiện | C30: - Sử dụng bộ lọc
B31: - Giá trị có hiệu chỉnh theo thời điểm hiện tại khác so với kế hoạch đầu năm | C31: - Nhập vào các cột "KH hiệu chỉnh"
B32: - Nếu giá trị tháng trước chưa thực hiện được cần chuyển sang tháng sau | C32: - "KH hiệu chỉnh" của tháng trước không cần xoá số liệu. Chuyển giá trị sang "KH hiệu chỉnh" của tháng sau, có thể hiệu chỉnh giá trị theo tính hình mới
A33: Nếu phát sinh hơn 40 khách hàng (nhóm UNI, BIZ, GOV) hoặc hơn 1 khách hàng (nhóm ITO): | B33: - Cập nhật dữ liệu từ sheet "TH theo khach hang" từ đó cập nhật mã số ở tất cả sheet có liên quan đến chi tiết khách hàng | C33: - Bước 1 - Sheet "TH theo khach hang": + Thêm dòng dữ liệu trước các dòng có tô màu + Tạo mã số mới theo thứ tự trong nhóm dự án + Copy công thức cho các dòng mới + Tuân thủ theo các nhập liệu của sheet này. + Nếu khách hàng phát sinh so với kế hoạch đầu năm: không nhập cột D, E, F
C34: - Bước 2 - Các sheet "Ke hoach theo thang", "Thuc te theo thang", "KH hieu chinh theo thang", các sheet "Thang xx" (từ tháng có phát sinh đến tháng 12): + Copy từ các dòng trước đó + Insert copied cells vào trước các dòng có tô màu + Kéo tạo mã phù hợp với sheet "TH theo khach hang" + Cập nhật thông tin phù hợp
A35: Thêm cột cho các sheet | B35: - Nếu có nhu cầu thêm cột để ghi nhận thêm thông tin | C35: - Thêm phía sau các cột đã định nghĩa
A36: Sheet "TH theo khach hang" | B36: - Thông tin công nợ (cột F): theo dõi chi tiết công nợ khách hàng cần thu trong năm sau | C36: - Có thể copy thông tin nào để Quản lý công nợ ở năm sau (nếu cần)
A37: Sheet "Du lieu" | B37: - Lưu dữ liệu trung gian để tính toán | C37: - Đầu năm cung cấp thông số "Năm". - Không nhập dữ liệu vào đây. Thường ở trạng thái Hide

Sheet BieuDo
A1: I. TỔNG HỢP SỐ LIỆU KINH DOANH - BPPM
A2: I.1. Kết quả đạt được | M2: II.2. Kết quả đạt được
M3: TT | N3: Hạng mục | O3: HỢP ĐỒNG | P3: DOANH THU
M4: 1 | N4: Thực tế | O4: =#REF! -> #REF! | P4: =#REF! -> #REF!
O5: =SUM(O6:O8) -> 0 | P5: =SUM(P6:P8) -> 0
N6: Nhóm ITO | O6: ='KH hieu chinh'!C58 -> 0 | P6: ='KH hieu chinh'!D58 -> 0
N7: Nhóm UNI | O7: ='KH hieu chinh'!C60 -> 0 | P7: ='KH hieu chinh'!D60 -> 0
N8: Nhón G2B | O8: ='KH hieu chinh'!C61 -> 0 | P8: ='KH hieu chinh'!D61 -> 0
M9: 2 | N9: KH dự kiến | O9: =SUM(O10:O12) -> 854990000 | P9: =SUM(P10:P12) -> 854990000
N10: Nhóm ITO | O10: ='KH hieu chinh'!C63 -> 0 | P10: ='KH hieu chinh'!D63 -> 0
N11: Nhóm UNI | O11: ='KH hieu chinh'!C64 -> 854990000 | P11: ='KH hieu chinh'!D64 -> 854990000
N12: Nhón G2B | O12: ='KH hieu chinh'!C65 -> 0 | P12: ='KH hieu chinh'!D65 -> 0
N13: Tổng năm (1+2) | O13: =O5+O9 -> 854990000 | P13: =P5+P9 -> 854990000
N14: Kế hoạch năm | O14: ='KH hieu chinh'!C67 -> 854990000 | P14: ='KH hieu chinh'!D67 -> 854990000
N15: Tỉ lệ | O15: =O13/O14 -> 1 | P15: =P13/P14 -> 1
A31: II. NHÓM ITO
A47: III.NHÓM UNI
A48: III.1. Kết quả đạt được
A80: III.2. Kế hoạch tiếp theo
A81: Dự kiến tổng giá trị hợp đồng: | C81: ='KH hieu chinh'!#REF! -> #REF! | D81: đồng
O99: KẾ HOẠCH NĂM
O100: ='KH hieu chinh'!C25 -> 0
O103: DỰ KIẾN ĐẠT ĐƯỢC
O104: ='KH hieu chinh'!E25 -> 0
O107: HỢP ĐỒNG SO VỚI KẾ HOẠCH NĂM 2023
O110: ='KH hieu chinh'!E25/'KH hieu chinh'!C25 -> #DIV/0!
A115: Dự kiến tổng giá trị doanh thu: | C115: ='KH hieu chinh'!#REF! -> #REF! | D115: đồng
O134: KẾ HOẠCH NĂM
O135: ='KH hieu chinh'!$F$25 -> 0
O138: DỰ KIẾN ĐẠT ĐƯỢC
O139: ='KH hieu chinh'!$H$25 -> 854990000
O142: DOANH THU SO VỚI KẾ HOẠCH NĂM 2023
O145: ='KH hieu chinh'!$H$25/'KH hieu chinh'!$F$25 -> #DIV/0!
A149: IV.NHÓM G2B
A150: IV.1. Kết quả đạt được
A181: IV.2. Kế hoạch tiếp theo
A182: Dự kiến tổng giá trị hợp đồng: | C182: ='KH hieu chinh'!$C$42 -> 0 | D182: đồng
O199: KẾ HOẠCH NĂM
O200: ='KH hieu chinh'!$C$51 -> 10000000000
O203: DỰ KIẾN ĐẠT ĐƯỢC
O204: ='KH hieu chinh'!$E$51 -> 0
O207: HỢP ĐỒNG SO VỚI KẾ HOẠCH NĂM 2023
O210: ='KH hieu chinh'!$E$51/'KH hieu chinh'!$C$51 -> 0
A213: Dự kiến tổng giá trị doanh thu: | C213: ='KH hieu chinh'!$D$42 -> 854990000 | D213: đồng
O230: KẾ HOẠCH NĂM
O231: ='KH hieu chinh'!$F$51 -> 9000000000
O234: DỰ KIẾN ĐẠT ĐƯỢC
O235: ='KH hieu chinh'!$H$51 -> 854990000
O238: DOANH THU SO VỚI KẾ HOẠCH NĂM 2023
O241: ='KH hieu chinh'!$H$51/'KH hieu chinh'!$F$51 -> 0.094998889

Sheet BieuDo_v2
A1: I. TỔNG HỢP SỐ LIỆU KINH DOANH - BPPM | E1: KH HỢP ĐỒNG: | G1: 30850000000 | I1: KH DOANH THU: | J1: 28900000000 | L1: GIÁ TRỊ ĐẠT ĐƯỢC SO VỚI KẾ HOẠCH NĂM
L2: TT | M2: HẠNG MỤC | N2: HỢP ĐỒNG | O2: DOANH THU
L3: 1 | M3: Thực tế (đạt) | N3: ='Tong hop (TH)'!N18 -> 0 | O3: ='Tong hop (TH)'!N50 -> 0
N4: =SUM(N5:N7) -> 0 | O4: =SUM(O5:O7) -> 0
M5: Nhóm ITO | N5: ='Tong hop (TH)'!E17 -> 0 | O5: ='Tong hop (TH)'!E49 -> 0
M6: Nhóm UNI | N6: ='Tong hop (TH)'!H17 -> 0 | O6: ='Tong hop (TH)'!H49 -> 0
M7: Nhón G2B | N7: ='Tong hop (TH)'!K17 -> 0 | O7: ='Tong hop (TH)'!K49 -> 0
L8: 2 | M8: Dự kiến (còn lại) | N8: =SUM(N9:N11) -> 854990000 | O8: =SUM(O9:O11) -> 854990000
M9: Nhóm ITO | N9: ='Tong hop (TH)'!D17 -> 0 | O9: ='Tong hop (TH)'!D49 -> 0
M10: Nhóm UNI | N10: ='Tong hop (TH)'!G17 -> 0 | O10: ='Tong hop (TH)'!G49 -> 0
M11: Nhón G2B | N11: ='Tong hop (TH)'!J17 -> 854990000 | O11: ='Tong hop (TH)'!J49 -> 854990000
M12: TỔNG CỘNG | N12: =N4+N8 -> 854990000 | O12: =O4+O8 -> 854990000
M13: KẾ HOẠCH NĂM | N13: ='Tong hop (TH)'!L17 -> 10800000000 | O13: ='Tong hop (TH)'!L49 -> 29800000000
M14: TỈ LỆ | N14: =N12/N13 -> 0.079165741 | O14: =O12/O13 -> 0.02869094
A17: II.NHÓM UNI
I19: KẾ HOẠCH HỢP ĐỒNG NĂM 2024
I20: ='KH hieu chinh'!C25 -> 0
I23: DỰ KIẾN ĐẠT HỢP ĐỒNG NĂM 2024
I24: ='KH hieu chinh'!E25 -> 0
I27: SO VỚI KẾ HOẠCH NĂM 2024
I28: =I24/I20 -> #DIV/0!
I33: KẾ HOẠCH DOANH THU NĂM 2024
I34: ='KH hieu chinh'!C51 -> 10000000000
I37: DỰ KIẾN ĐẠT DOANH THU NĂM 2024
I38: ='KH hieu chinh'!E51 -> 0
I41: SO VỚI KẾ HOẠCH NĂM 2024
I42: =I38/I34 -> 0
A46: III.NHÓM G2B
I48: KẾ HOẠCH NĂM
I49: ='KH hieu chinh'!F25 -> 0
I52: DỰ KIẾN ĐẠT ĐƯỢC
I53: ='KH hieu chinh'!H25 -> 854990000
I56: SO VỚI KẾ HOẠCH NĂM 2024
I57: =I53/I49 -> #DIV/0!
I61: KẾ HOẠCH NĂM
I62: ='KH hieu chinh'!F51 -> 9000000000
I65: DỰ KIẾN ĐẠT ĐƯỢC
I66: ='KH hieu chinh'!H51 -> 854990000
I69: SO VỚI KẾ HOẠCH NĂM 2024
I70: =I66/I62 -> 0.094998889
A74: IV. NHÓM ITO
I90: KẾ HOẠCH NĂM
I91: ='Tong hop (TH)'!C17 -> 10800000000
I94: DỰ KIẾN ĐẠT ĐƯỢC
I95: ='KH hieu chinh'!N23 -> 0
I98: SO VỚI KẾ HOẠCH NĂM 2024
I99: =I95/I91 -> 0

Sheet BC_Quy
D1: KH Hợp đồng: | E1: =#REF! -> #REF! | G1: KH Doanh thu: | I1: =#REF! -> #REF!
A2: I. TỔNG HỢP SỐ LIỆU KINH DOANH - BPPM | L2: GIÁ TRỊ ĐẠT ĐƯỢC SO VỚI KẾ HOẠCH
L3: TT | M3: Hạng mục | N3: HỢP ĐỒNG | O3: DOANH THU
L4: 1 | M4: Thực tế | N4: =#REF! -> #REF! | O4: =#REF! -> #REF!
N5: =SUM(N6:N8) -> 0 | O5: =SUM(O6:O8) -> 0
M6: Nhóm ITO | N6: ='KH hieu chinh'!C58 -> 0 | O6: ='KH hieu chinh'!D58 -> 0
M7: Nhóm UNI | N7: ='KH hieu chinh'!C60 -> 0 | O7: ='KH hieu chinh'!D60 -> 0
M8: Nhón G2B | N8: ='KH hieu chinh'!C61 -> 0 | O8: ='KH hieu chinh'!D61 -> 0
L9: 2 | M9: KH dự kiến | N9: =SUM(N10:N12) -> 854990000 | O9: =SUM(O10:O12) -> 854990000
M10: Nhóm ITO | N10: ='KH hieu chinh'!C63 -> 0 | O10: ='KH hieu chinh'!D63 -> 0
M11: Nhóm UNI | N11: ='KH hieu chinh'!C64 -> 854990000 | O11: ='KH hieu chinh'!D64 -> 854990000
M12: Nhón G2B | N12: ='KH hieu chinh'!C65 -> 0 | O12: ='KH hieu chinh'!D65 -> 0
M13: Tổng năm (1+2) | N13: =N5+N9 -> 854990000 | O13: =O5+O9 -> 854990000
M14: Kế hoạch năm | N14: ='KH hieu chinh'!C67 -> 854990000 | O14: ='KH hieu chinh'!D67 -> 854990000
M15: Tỉ lệ | N15: =N13/N14 -> 1 | O15: =O13/O14 -> 1
A18: II.QUÝ I: Báo cáo kết quả thực hiện Quý I và dự kiến kế hoạch thực hiện quý II
A19: II.1. Báo cáo kết quả thực hiện Quý I (1,2,3)
A55: III.NHÓM G2B
I57: KẾ HOẠCH NĂM
I58: ='KH hieu chinh'!$C$51 -> 10000000000
I61: DỰ KIẾN ĐẠT ĐƯỢC
I62: ='KH hieu chinh'!$E$51 -> 0
I65: SO VỚI KẾ HOẠCH NĂM 2024
I66: ='KH hieu chinh'!$E$51/'KH hieu chinh'!$C$51 -> 0
I70: KẾ HOẠCH NĂM
I71: ='KH hieu chinh'!$F$51 -> 9000000000
I74: DỰ KIẾN ĐẠT ĐƯỢC
I75: ='KH hieu chinh'!$H$51 -> 854990000
I78: SO VỚI KẾ HOẠCH NĂM 2024
I79: ='KH hieu chinh'!$H$51/'KH hieu chinh'!$F$51 -> 0.094998889
A83: IV. NHÓM ITO

Sheet Tong hop (TH)
A1: TỔNG HỢP THEO THÁNG
A2: HỢP ĐỒNG
A3: STT | B3: Tháng | C3: Nhóm ITO | F3: Nhóm UNI | I3: Nhóm G2B | L3: BPPM
C4: KH đầu năm | D4: KH hiệu chỉnh | E4: Thực tế | F4: KH đầu năm | G4: KH hiệu chỉnh | H4: Thực tế | I4: KH đầu năm | J4: KH hiệu chỉnh | K4: Thực tế | L4: KH đầu năm | M4: KH hiệu chỉnh | N4: Thực tế
A5: 1 | B5: Tháng 01 | C5: 900000000 | D5: ='KH hieu chinh'!M5 -> 0 | E5: ='Thuc te theo thang'!J5 -> 0 | G5: ='KH hieu chinh'!C5 -> 0 | H5: ='Thuc te theo thang'!J6 -> 0 | J5: ='KH hieu chinh'!D5 -> 0 | K5: ='Thuc te theo thang'!J208 -> 0 | L5: =C5+F5+I5 -> 900000000 | M5: =D5+G5+J5 -> 0 | N5: =E5+H5+K5 -> 0
A6: 2 | B6: Tháng 02 | C6: 900000000 | D6: ='KH hieu chinh'!M6 -> 0 | E6: ='Thuc te theo thang'!L5 -> 0 | G6: ='KH hieu chinh'!C6 -> 0 | H6: ='Thuc te theo thang'!L6 -> 0 | J6: ='KH hieu chinh'!D6 -> 0 | K6: ='Thuc te theo thang'!L208 -> 0 | L6: =C6+F6+I6 -> 900000000 | M6: =D6+G6+J6 -> 0 | N6: =E6+H6+K6 -> 0
A7: 3 | B7: Tháng 03 | C7: 900000000 | D7: ='KH hieu chinh'!M7 -> 0 | E7: ='Thuc te theo thang'!N5 -> 0 | G7: ='KH hieu chinh'!C7 -> 0 | H7: ='Thuc te theo thang'!N6 -> 0 | J7: ='KH hieu chinh'!D7 -> 0 | K7: ='Thuc te theo thang'!N208 -> 0 | L7: =C7+F7+I7 -> 900000000 | M7: =D7+G7+J7 -> 0 | N7: =E7+H7+K7 -> 0 | P7: =SUM(N5:N7) -> 0
A8: 4 | B8: Tháng 04 | C8: 900000000 | D8: ='KH hieu chinh'!M8 -> 0 | E8: ='Thuc te theo thang'!P5 -> 0 | G8: ='KH hieu chinh'!C8 -> 0 | H8: ='Thuc te theo thang'!P6 -> 0 | J8: ='KH hieu chinh'!D8 -> 0 | K8: ='Thuc te theo thang'!P208 -> 0 | L8: =C8+F8+I8 -> 900000000 | M8: =D8+G8+J8 -> 0 | N8: =E8+H8+K8 -> 0
A9: 5 | B9: Tháng 05 | C9: 900000000 | D9: ='KH hieu chinh'!M9 -> 0 | E9: ='Thuc te theo thang'!R5 -> 0 | G9: ='KH hieu chinh'!C9 -> 0 | H9: ='Thuc te theo thang'!R6 -> 0 | J9: ='KH hieu chinh'!D9 -> 0 | K9: ='Thuc te theo thang'!R208 -> 0 | L9: =C9+F9+I9 -> 900000000 | M9: =D9+G9+J9 -> 0 | N9: =E9+H9+K9 -> 0
A10: 6 | B10: Tháng 06 | C10: 900000000 | D10: ='KH hieu chinh'!M10 -> 0 | E10: ='Thuc te theo thang'!T5 -> 0 | G10: ='KH hieu chinh'!C10 -> 0 | H10: ='Thuc te theo thang'!T6 -> 0 | J10: ='KH hieu chinh'!D10 -> 0 | K10: ='Thuc te theo thang'!T208 -> 0 | L10: =C10+F10+I10 -> 900000000 | M10: =D10+G10+J10 -> 0 | N10: =E10+H10+K10 -> 0 | P10: =SUM(N8:N10) -> 0
A11: 7 | B11: Tháng 07 | C11: 900000000 | D11: ='KH hieu chinh'!M11 -> 0 | E11: ='Thuc te theo thang'!V5 -> 0 | G11: ='KH hieu chinh'!C11 -> 0 | H11: ='Thuc te theo thang'!V6 -> 0 | J11: ='KH hieu chinh'!D11 -> 0 | K11: ='Thuc te theo thang'!V208 -> 0 | L11: =C11+F11+I11 -> 900000000 | M11: =D11+G11+J11 -> 0 | N11: =E11+H11+K11 -> 0
A12: 8 | B12: Tháng 08 | C12: 900000000 | D12: ='KH hieu chinh'!M12 -> 0 | E12: ='Thuc te theo thang'!X5 -> 0 | G12: ='KH hieu chinh'!C12 -> 0 | H12: ='Thuc te theo thang'!X6 -> 0 | J12: ='KH hieu chinh'!D12 -> 0 | K12: ='Thuc te theo thang'!X208 -> 0 | L12: =C12+F12+I12 -> 900000000 | M12: =D12+G12+J12 -> 0 | N12: =E12+H12+K12 -> 0
A13: 9 | B13: Tháng 09 | C13: 900000000 | D13: ='KH hieu chinh'!M13 -> 0 | E13: ='Thuc te theo thang'!Z5 -> 0 | G13: ='KH hieu chinh'!C13 -> 0 | H13: ='Thuc te theo thang'!Z6 -> 0 | J13: ='KH hieu chinh'!D13 -> 0 | K13: ='Thuc te theo thang'!Z208 -> 0 | L13: =C13+F13+I13 -> 900000000 | M13: =D13+G13+J13 -> 0 | N13: =E13+H13+K13 -> 0 | P13: =SUM(N11:N13) -> 0
A14: 10 | B14: Tháng 10 | C14: 900000000 | D14: ='KH hieu chinh'!M14 -> 0 | E14: ='Thuc te theo thang'!AB5 -> 0 | G14: ='KH hieu chinh'!C14 -> 0 | H14: ='Thuc te theo thang'!AB6 -> 0 | J14: ='KH hieu chinh'!D14 -> 0 | K14: ='Thuc te theo thang'!AB208 -> 0 | L14: =C14+F14+I14 -> 900000000 | M14: =D14+G14+J14 -> 0 | N14: =E14+H14+K14 -> 0
A15: 11 | B15: Tháng 11 | C15: 900000000 | D15: ='KH hieu chinh'!M15 -> 0 | E15: ='Thuc te theo thang'!AD5 -> 0 | G15: ='KH hieu chinh'!C15 -> 0 | H15: ='Thuc te theo thang'!AD6 -> 0 | J15: ='KH hieu chinh'!D15 -> 0 | K15: ='Thuc te theo thang'!AD208 -> 0 | L15: =C15+F15+I15 -> 900000000 | M15: =D15+G15+J15 -> 0 | N15: =E15+H15+K15 -> 0
A16: 12 | B16: Tháng 12 | C16: 900000000 | D16: ='KH hieu chinh'!M16 -> 0 | E16: ='Thuc te theo thang'!AF5 -> 0 | G16: ='KH hieu chinh'!C16 -> 0 | H16: ='Thuc te theo thang'!AF6 -> 0 | J16: ='KH hieu chinh'!D16 -> 854990000 | K16: ='Thuc te theo thang'!AF208 -> 0 | L16: =C16+F16+I16 -> 900000000 | M16: =D16+G16+J16 -> 854990000 | N16: =E16+H16+K16 -> 0 | P16: =SUM(N14:N16) -> 0
B17: Năm | C17: =SUM(C5:C16) -> 10800000000 | D17: =SUM(D5:D16) -> 0 | E17: =SUM(E5:E16) -> 0 | F17: =SUM(F5:F16) -> 0 | G17: =SUM(G5:G16) -> 0 | H17: =SUM(H5:H16) -> 0 | I17: =SUM(I5:I16) -> 0 | J17: =SUM(J5:J16) -> 854990000 | K17: =SUM(K5:K16) -> 0 | L17: =C17+F17+I17 -> 10800000000 | M17: =D17+G17+J17 -> 854990000 | N17: =E17+H17+K17 -> 0
B18: Tỷ lệ | E18: =E17/C17 -> 0 | H18: =H17/F17 -> #DIV/0! | K18: =K17/I17 -> #DIV/0! | N18: =N17/L17 -> 0
M19: G2B+UNI | N19: =H17+K17 -> 0
C20: =SUM(C11:C13) -> 2700000000 | D20: =SUM(D11:D13) -> 0 | E20: =SUM(E11:E13) -> 0 | F20: =SUM(F11:F13) -> 0 | G20: =SUM(G11:G13) -> 0 | H20: =SUM(H11:H13) -> 0 | I20: =SUM(I11:I13) -> 0 | J20: =SUM(J11:J13) -> 0 | ... N20: =SUM(N11:N13) -> 0 | O20: =M20+N17 -> 0
D21: =D20/C20 -> 0 | G21: =G20/F20 -> #DIV/0! | J21: =J20/I20 -> #DIV/0! | M21: =M20/L20 -> 0 | O21: =O20/L17 -> 0
A22: DỰ KIẾN KẾT QUẢ ĐẠT ĐƯỢC SO VỚI KẾ HOẠCH NĂM
D23: ITO | G23: UNI | J23: G2B | M23: BPPM
A24: PP1: Tính theo mức độ | D24: Giá trị | E24: Tỷ lệ | G24: Giá trị | H24: Tỷ lệ | J24: Giá trị | K24: Tỷ lệ | M24: Giá trị | N24: Tỷ lệ
A25: Thực tế + Mức 1 | D25: =E17+D17 -> 0 | E25: =D25/C17 -> 0 | G25: =H17+'KH hieu chinh'!E17 -> 0 | H25: =G25/$F$17 -> #DIV/0! | J25: =(K17+'KH hieu chinh'!H17) -> 854990000 | K25: =J25/$I$17 -> #DIV/0! | M25: =D25+G25+J25 -> 854990000 | N25: =M25/$L$17 -> 0.079165741
A26: Thực tế + Mức 1+2 | G26: =G25+'KH hieu chinh'!F17 -> 0 | H26: =G26/$F$17 -> #DIV/0! | J26: =J25+'KH hieu chinh'!I17 -> 854990000 | K26: =J26/$I$17 -> #DIV/0! | M26: =D25+G26+J26 -> 854990000 | N26: =M26/$L$17 -> 0.079165741
A27: Thực tế + Mức 1+2+3 | G27: =G26+'KH hieu chinh'!G17 -> 0 | H27: =G27/$F$17 -> #DIV/0! | J27: =J26+'KH hieu chinh'!J17 -> 854990000 | K27: =J27/$I$17 -> #DIV/0! | M27: =D25+G27+J27 -> 854990000 | N27: =M27/$L$17 -> 0.079165741
A29: PP2: Tính theo thời gian | D29: Giá trị | E29: Tỷ lệ | G29: Giá trị | H29: Tỷ lệ | J29: Giá trị | K29: Tỷ lệ | M29: Giá trị | N29: Tỷ lệ
A30: Thực tế + Đến hết Quý III | D30: =E17+D17 -> 0 | E30: =D30/C17 -> 0 | G30: =H17+SUM('KH hieu chinh'!C11:C13) -> 0 | H30: =G30/$F$17 -> #DIV/0! | J30: =K17+SUM('KH hieu chinh'!D11:D13) -> 0 | K30: =J30/$I$17 -> #DIV/0! | M30: =D30+G30+J30 -> 0 | N30: =M30/$L$17 -> 0
A31: Thực tế + Đến hết Quý VI | G31: =G30+SUM('KH hieu chinh'!C14:C16) -> 0 | H31: =G31/$F$17 -> #DIV/0! | J31: =J30+SUM('KH hieu chinh'!D14:D16) -> 854990000 | K31: =J31/$I$17 -> #DIV/0! | M31: =D30+G31+J31 -> 854990000 | N31: =M31/$L$17 -> 0.079165741
K32: Kỳ hợp trước: | M32: 25877043393 | N32: 0.868
K33: Tăng/Giảm: | M33: =M31-M32 -> -25022053393 | N33: =N31-N32 -> -0.78883426
A34: DOANH THU
A35: STT | B35: Tháng | C35: Nhóm ITO | F35: Nhóm UNI | I35: Nhóm G2B | L35: BPPM
C36: KH đầu năm | D36: KH hiệu chỉnh | E36: Thực tế | F36: KH đầu năm | G36: KH hiệu chỉnh | H36: Thực tế | I36: KH đầu năm | J36: KH hiệu chỉnh | K36: Thực tế | L36: KH đầu năm | M36: KH hiệu chỉnh | N36: Thực tế
A37: 1 | B37: Tháng 01 | C37: 900000000 | D37: ='KH hieu chinh'!N5 -> 0 | E37: ='Thuc te theo thang'!K5 -> 0 | F37: 198000000 | G37: ='KH hieu chinh'!M30 -> 0 | H37: ='Thuc te theo thang'!K6 -> 0 | I37: 31786170 | J37: ='KH hieu chinh'!N30 -> 0 | K37: ='Thuc te theo thang'!K208 -> 0 | L37: =C37+F37+I37 -> 1129786170 | M37: =D37+G37+J37 -> 0 | N37: =E37+H37+K37 -> 0
A38: 2 | B38: Tháng 02 | C38: 900000000 | D38: ='KH hieu chinh'!N6 -> 0 | E38: ='Thuc te theo thang'!M5 -> 0 | F38: 0 | G38: ='KH hieu chinh'!M31 -> 0 | H38: ='Thuc te theo thang'!M6 -> 0 | I38: 0 | J38: ='KH hieu chinh'!N31 -> 0 | K38: ='Thuc te theo thang'!M208 -> 0 | L38: =C38+F38+I38 -> 900000000 | M38: =D38+G38+J38 -> 0 | N38: =E38+H38+K38 -> 0
A39: 3 | B39: Tháng 03 | C39: 900000000 | D39: ='KH hieu chinh'!N7 -> 0 | E39: ='Thuc te theo thang'!O5 -> 0 | F39: 624572500 | G39: ='KH hieu chinh'!M32 -> 0 | H39: ='Thuc te theo thang'!O6 -> 0 | I39: 16500000 | J39: ='KH hieu chinh'!N32 -> 0 | K39: ='Thuc te theo thang'!O208 -> 0 | L39: =C39+F39+I39 -> 1541072500 | M39: =D39+G39+J39 -> 0 | N39: =E39+H39+K39 -> 0 | P39: =SUM(O37:O39) -> 0
A40: 4 | B40: Tháng 04 | C40: 900000000 | D40: ='KH hieu chinh'!N8 -> 0 | E40: ='Thuc te theo thang'!Q5 -> 0 | F40: 198507000 | G40: ='KH hieu chinh'!M33 -> 0 | H40: ='Thuc te theo thang'!Q6 -> 0 | I40: 72000000 | J40: ='KH hieu chinh'!N33 -> 0 | K40: ='Thuc te theo thang'!Q208 -> 0 | L40: =C40+F40+I40 -> 1170507000 | M40: =D40+G40+J40 -> 0 | N40: =E40+H40+K40 -> 0
A41: 5 | B41: Tháng 05 | C41: 900000000 | D41: ='KH hieu chinh'!N9 -> 0 | E41: ='Thuc te theo thang'!S5 -> 0 | F41: 406300000 | G41: ='KH hieu chinh'!M34 -> 0 | H41: ='Thuc te theo thang'!S6 -> 0 | I41: 116250000 | J41: ='KH hieu chinh'!N34 -> 0 | K41: ='Thuc te theo thang'!S208 -> 0 | L41: =C41+F41+I41 -> 1422550000 | M41: =D41+G41+J41 -> 0 | N41: =E41+H41+K41 -> 0
A42: 6 | B42: Tháng 06 | C42: 900000000 | D42: ='KH hieu chinh'!N10 -> 0 | E42: ='Thuc te theo thang'!U5 -> 0 | F42: 1732949500 | G42: ='KH hieu chinh'!M35 -> 0 | H42: ='Thuc te theo thang'!U6 -> 0 | I42: 899340800 | J42: ='KH hieu chinh'!N35 -> 0 | K42: ='Thuc te theo thang'!U208 -> 0 | L42: =C42+F42+I42 -> 3532290300 | M42: =D42+G42+J42 -> 0 | N42: =E42+H42+K42 -> 0 | P42: =SUM(O40:O42) -> 0
A43: 7 | B43: Tháng 07 | C43: 900000000 | D43: ='KH hieu chinh'!N11 -> 0 | E43: ='Thuc te theo thang'!W5 -> 0 | F43: 565583000 | G43: ='KH hieu chinh'!M36 -> 0 | H43: ='Thuc te theo thang'!W6 -> 0 | I43: 549000000 | J43: ='KH hieu chinh'!N36 -> 0 | K43: ='Thuc te theo thang'!W208 -> 0 | L43: =C43+F43+I43 -> 2014583000 | M43: =D43+G43+J43 -> 0 | N43: =E43+H43+K43 -> 0
A44: 8 | B44: Tháng 08 | C44: 900000000 | D44: ='KH hieu chinh'!N12 -> 0 | E44: ='Thuc te theo thang'!Y5 -> 0 | F44: 434291400 | G44: ='KH hieu chinh'!M37 -> 0 | H44: ='Thuc te theo thang'!Y6 -> 0 | I44: 1558273030 | J44: ='KH hieu chinh'!N37 -> 0 | K44: ='Thuc te theo thang'!Y208 -> 0 | L44: =C44+F44+I44 -> 2892564430 | M44: =D44+G44+J44 -> 0 | N44: =E44+H44+K44 -> 0
A45: 9 | B45: Tháng 09 | C45: 900000000 | D45: ='KH hieu chinh'!N13 -> 0 | E45: ='Thuc te theo thang'!AA5 -> 0 | F45: 1243950000 | G45: ='KH hieu chinh'!M38 -> 0 | H45: ='Thuc te theo thang'!AA6 -> 0 | I45: 936100000 | J45: ='KH hieu chinh'!N38 -> 0 | K45: ='Thuc te theo thang'!AA208 -> 0 | L45: =C45+F45+I45 -> 3080050000 | M45: =D45+G45+J45 -> 0 | N45: =E45+H45+K45 -> 0 | P45: =SUM(O43:O45) -> 0
A46: 10 | B46: Tháng 10 | C46: 900000000 | D46: ='KH hieu chinh'!N14 -> 0 | E46: ='Thuc te theo thang'!AC5 -> 0 | F46: 1359290000 | G46: ='KH hieu chinh'!M39 -> 0 | H46: ='Thuc te theo thang'!AC6 -> 0 | I46: 1000000000 | J46: ='KH hieu chinh'!N39 -> 0 | K46: ='Thuc te theo thang'!AC208 -> 0 | L46: =C46+F46+I46 -> 3259290000 | M46: =D46+G46+J46 -> 0 | N46: =E46+H46+K46 -> 0
A47: 11 | B47: Tháng 11 | C47: 900000000 | D47: ='KH hieu chinh'!N15 -> 0 | E47: ='Thuc te theo thang'!AE5 -> 0 | F47: 1230000000 | G47: ='KH hieu chinh'!M40 -> 0 | H47: ='Thuc te theo thang'!AE6 -> 0 | I47: 1000000000 | J47: ='KH hieu chinh'!N40 -> 0 | K47: ='Thuc te theo thang'!AE208 -> 0 | L47: =C47+F47+I47 -> 3130000000 | M47: =D47+G47+J47 -> 0 | N47: =E47+H47+K47 -> 0
A48: 12 | B48: Tháng 12 | C48: 900000000 | D48: ='KH hieu chinh'!N16 -> 0 | E48: ='Thuc te theo thang'!AG5 -> 0 | F48: 2006556600 | G48: ='KH hieu chinh'!M41 -> 0 | H48: ='Thuc te theo thang'!AG6 -> 0 | I48: 2820750000 | J48: ='KH hieu chinh'!N41 -> 854990000 | K48: ='Thuc te theo thang'!AG208 -> 0 | L48: =C48+F48+I48 -> 5727306600 | M48: =D48+G48+J48 -> 854990000 | N48: =E48+H48+K48 -> 0 | P48: =SUM(O46:O48) -> 0
B49: Đến hiện tại | C49: =SUM(C37:C48) -> 10800000000 | D49: =SUM(D37:D48) -> 0 | E49: =SUM(E37:E48) -> 0 | F49: =SUM(F37:F48) -> 10000000000 | G49: =SUM(G37:G48) -> 0 | H49: =SUM(H37:H48) -> 0 | I49: =SUM(I37:I48) -> 9000000000 | J49: =SUM(J37:J48) -> 854990000 | K49: =SUM(K37:K48) -> 0 | L49: =C49+F49+I49 -> 29800000000 | M49: =D49+G49+J49 -> 854990000 | N49: =E49+H49+K49 -> 0 | O49: 16507561600 | P49: 01/12/2025
B50: Tỷ lệ | E50: =E49/C49 -> 0 | H50: =H49/F49 -> 0 | K50: =K49/I49 -> 0 | N50: =N49/L49 -> 0
M51: G2B+UNI | N51: =H49+K49 -> 0
C52: =SUM(C43:C45) -> 2700000000 | D52: =SUM(D43:D45) -> 0 | E52: =SUM(E43:E45) -> 0 | F52: =SUM(F43:F45) -> 2243824400 | G52: =SUM(G43:G45) -> 0 | H52: =SUM(H43:H45) -> 0 | I52: =SUM(I43:I45) -> 3043373030 | J52: =SUM(J43:J45) -> 0 | ... N52: =SUM(N43:N45) -> 0 | O52: =M52+N49 -> 0
D53: =D52/C52 -> 0 | G53: =G52/F52 -> 0 | J53: =J52/I52 -> 0 | M53: =M52/L52 -> 0 | O53: =O52/L49 -> 0
A54: DỰ KIẾN KẾT QUẢ ĐẠT ĐƯỢC SO VỚI KẾ HOẠCH NĂM
D55: ITO | G55: UNI | J55: G2B | M55: BPPM
A56: PP1: Tính theo mức độ | D56: Giá trị | E56: Tỷ lệ | G56: Giá trị | H56: Tỷ lệ | J56: Giá trị | K56: Tỷ lệ | M56: Giá trị | N56: Tỷ lệ
A57: Thực tế + Mức 1 | D57: =E49+D49 -> 0 | E57: =D57/C49 -> 0 | G57: =H49+'KH hieu chinh'!E42+'KH hieu chinh'!K42 -> 0 | H57: =G57/$F$17 -> #DIV/0! | J57: =K49+'KH hieu chinh'!H42+'KH hieu chinh'!L42 -> 854990000 | K57: =J57/$I$17 -> #DIV/0! | M57: =D57+G57+J57 -> 854990000 | N57: =M57/$L$49 -> 0.02869094
A58: Thực tế + Mức 1+2 | G58: =G57+'KH hieu chinh'!F42 -> 0 | H58: =G58/$F$17 -> #DIV/0! | J58: =J57+'KH hieu chinh'!I42 -> 854990000 | K58: =J58/$I$17 -> #DIV/0! | M58: =D57+G58+J58 -> 854990000 | N58: =M58/$L$49 -> 0.02869094
A59: Thực tế + Mức 1+2+3 | G59: =G58+'KH hieu chinh'!G42 -> 0 | H59: =G59/$F$17 -> #DIV/0! | J59: =J58+'KH hieu chinh'!J42 -> 854990000 | K59: =J59/$I$17 -> #DIV/0! | M59: =D57+G59+J59 -> 854990000 | N59: =M59/$L$49 -> 0.02869094
A61: PP2: Tính theo thời gian | D61: Giá trị | E61: Tỷ lệ | G61: Giá trị | H61: Tỷ lệ | J61: Giá trị | K61: Tỷ lệ | M61: Giá trị | N61: Tỷ lệ
A62: Thực tế + Đến hết Quý III | D62: =E49+D49 -> 0 | E62: =D62/C49 -> 0 | G62: =H49+SUM(G43:G45) -> 0 | H62: =G62/$F$17 -> #DIV/0! | J62: =K49+SUM(J43:J45) -> 0 | K62: =J62/$I$17 -> #DIV/0! | M62: =D62+G62+J62 -> 0 | N62: =M62/$L$49 -> 0
A63: Thực tế + Đến hết Quý VI | G63: =G62+ SUM(G46:G48) -> 0 | H63: =G63/$F$17 -> #DIV/0! | J63: =J62+SUM(J46:J48) -> 854990000 | K63: =J63/$I$17 -> #DIV/0! | M63: =D62+G63+J63 -> 854990000 | N63: =M63/$L$49 -> 0.02869094
K64: Kỳ hợp trước: | M64: 28039812425 | N64: 0.941
K65: Tăng/Giảm: | M65: =M63-M64 -> -27184822425 | N65: =N63-N64 -> -0.91230906
B66: Hợp đồng
B67: Nhóm | C67: KH năm | D67: KH hiệu chỉnh (còn lại) | E67: Thực tế | F67: Tỷ lệ thực tế | G67: Tỷ lệ KH
B68: ITO | C68: =C17 -> 10800000000 | D68: =D17 -> 0 | E68: =E17 -> 0 | F68: =E18 -> 0
B69: UNI | C69: =F17 -> 0 | D69: =G17 -> 0 | E69: =H17 -> 0 | F69: =H18 -> #DIV/0! | G69: =G18 -> 0
B70: G2B | C70: =I17 -> 0 | D70: =J17 -> 854990000 | E70: =K17 -> 0 | F70: =K18 -> #DIV/0! | G70: =J18 -> 0
B71: BPPM | C71: =L17 -> 10800000000 | D71: =M17 -> 854990000 | E71: =N17 -> 0 | F71: =N18 -> 0 | G71: =M18 -> 0
B73: Doanh thu
B74: Nhóm | C74: KH năm | D74: KH hiệu chỉnh (còn lại) | E74: Thực tế | F74: Tỷ lệ thực tế | G74: Tỷ lệ KH
B75: ITO | C75: =C49 -> 10800000000 | D75: =D49 -> 0 | E75: =E49 -> 0 | F75: =E50 -> 0
B76: UNI | C76: =F49 -> 10000000000 | D76: =G49 -> 0 | E76: =H49 -> 0 | F76: =H50 -> 0 | G76: =G50 -> 0
B77: G2B | C77: =I49 -> 9000000000 | D77: =J49 -> 854990000 | E77: =K49 -> 0 | F77: =K50 -> 0 | G77: =J50 -> 0
B78: BPPM | C78: =L49 -> 29800000000 | D78: =M49 -> 854990000 | E78: =N49 -> 0 | F78: =N50 -> 0 | G78: =M50 -> 0

Sheet TH_2026
A1: TỔNG HỢP THEO THÁNG
A2: HỢP ĐỒNG | C2: 2026
A3: STT | B3: Tháng | C3: Nhóm ITO | F3: Nhóm UNI | I3: Nhóm G2B | L3: BPPM
C4: KH đầu năm | D4: Cơ hội | E4: Thực tế | F4: KH đầu năm | G4: Cơ hội | H4: Thực tế | I4: KH đầu năm | J4: Cơ hội | K4: Thực tế | L4: KH đầu năm | M4: Cơ hội | N4: Thực tế
A5: 1 | B5: Tháng 01 | C5: =KH_Nam_Hieuchinh!C5 -> 950000000 | D5: =KH_Nam_Hieuchinh!G5 -> 950000000 | E5: =SUMPRODUCT( (HD_Thucte!$E$2:$E$1001)* (HD_Thucte!$A$2:$A$1001="ITO")* (YEAR(HD_Thucte!$F$2:$F$1001)=$C$2)* (MONTH(HD_Thucte!$F$2:$F$1001)=VALUE(RIGHT($B5,2))) ) -> 1003909178 | F5: =KH_Nam_Hieuchinh!D5 -> 42200000 | G5: =KH_Nam_Hieuchinh!H5 -> 42200000 | H5: =SUMPRODUCT( (HD_Thucte!$E$2:$E$1001)* (HD_Thucte!$A$2:$A$1001="UNI")* (YEAR(HD_Thucte!$F$2:$F$1001)=$C$2)* (MONTH(HD_Thucte!$F$2:$F$1001)=VALUE(RIGHT($B5,2))) ) -> 194800000 | I5: =KH_Nam_Hieuchinh!E5 -> 66000000 | J5: =KH_Nam_Hieuchinh!I5 -> 66000000 | K5: =SUMPRODUCT( (HD_Thucte!$E$2:$E$1001)* (HD_Thucte!$A$2:$A$1001="G2B")* (YEAR(HD_Thucte!$F$2:$F$1001)=$C$2)* (MONTH(HD_Thucte!$F$2:$F$1001)=VALUE(RIGHT($B5,2))) ) -> 313791000 | L5: =C5+F5+I5 -> 1058200000 | M5: =D5+G5+J5 -> 1058200000 | N5: =E5+H5+K5 -> 1512500178
A6: 2 | B6: Tháng 02 | C6: =KH_Nam_Hieuchinh!C6 -> 950000000 | D6: =KH_Nam_Hieuchinh!G6 -> 950000000 | E6: =SUMPRODUCT( (HD_Thucte!$E$2:$E$1001)* (HD_Thucte!$A$2:$A$1001="ITO")* (YEAR(HD_Thucte!$F$2:$F$1001)=$C$2)* (MONTH(HD_Thucte!$F$2:$F$1001)=VALUE(RIGHT($B6,2))) ) -> 0 | F6: =KH_Nam_Hieuchinh!D6 -> 200000000 | G6: =KH_Nam_Hieuchinh!H6 -> 200000000 | H6: =SUMPRODUCT( (HD_Thucte!$E$2:$E$1001)* (HD_Thucte!$A$2:$A$1001="UNI")* (YEAR(HD_Thucte!$F$2:$F$1001)=$C$2)* (MONTH(HD_Thucte!$F$2:$F$1001)=VALUE(RIGHT($B6,2))) ) -> 0 | I6: =KH_Nam_Hieuchinh!E6 -> 1500000000 | J6: =KH_Nam_Hieuchinh!I6 -> 0 | K6: =SUMPRODUCT( (HD_Thucte!$E$2:$E$1001)* (HD_Thucte!$A$2:$A$1001="G2B")* (YEAR(HD_Thucte!$F$2:$F$1001)=$C$2)* (MONTH(HD_Thucte!$F$2:$F$1001)=VALUE(RIGHT($B6,2))) ) -> 1453500000 | L6: =C6+F6+I6 -> 2650000000 | M6: =D6+G6+J6 -> 1150000000 | N6: =E6+H6+K6 -> 1453500000
A7: 3 | B7: Tháng 03 | C7: =KH_Nam_Hieuchinh!C7 -> 950000000 | D7: =KH_Nam_Hieuchinh!G7 -> 950000000 | E7: =SUMPRODUCT( (HD_Thucte!$E$2:$E$1001)* (HD_Thucte!$A$2:$A$1001="ITO")* (YEAR(HD_Thucte!$F$2:$F$1001)=$C$2)* (MONTH(HD_Thucte!$F$2:$F$1001)=VALUE(RIGHT($B7,2))) ) -> 0 | F7: =KH_Nam_Hieuchinh!D7 -> 1000000000 | G7: =KH_Nam_Hieuchinh!H7 -> 3115740000 | H7: =SUMPRODUCT( (HD_Thucte!$E$2:$E$1001)* (HD_Thucte!$A$2:$A$1001="UNI")* (YEAR(HD_Thucte!$F$2:$F$1001)=$C$2)* (MONTH(HD_Thucte!$F$2:$F$1001)=VALUE(RIGHT($B7,2))) ) -> 0 | I7: =KH_Nam_Hieuchinh!E7 -> 500000000 | J7: =KH_Nam_Hieuchinh!I7 -> 0 | K7: =SUMPRODUCT( (HD_Thucte!$E$2:$E$1001)* (HD_Thucte!$A$2:$A$1001="G2B")* (YEAR(HD_Thucte!$F$2:$F$1001)=$C$2)* (MONTH(HD_Thucte!$F$2:$F$1001)=VALUE(RIGHT($B7,2))) ) -> 0 | L7: =C7+F7+I7 -> 2450000000 | M7: =D7+G7+J7 -> 4065740000 | N7: =E7+H7+K7 -> 0 | O7: =SUM(N5:N7) -> 2966000178
A8: 4 | B8: Tháng 04 | C8: =KH_Nam_Hieuchinh!C8 -> 950000000 | D8: =KH_Nam_Hieuchinh!G8 -> 950000000 | E8: =SUMPRODUCT( (HD_Thucte!$E$2:$E$1001)* (HD_Thucte!$A$2:$A$1001="ITO")* (YEAR(HD_Thucte!$F$2:$F$1001)=$C$2)* (MONTH(HD_Thucte!$F$2:$F$1001)=VALUE(RIGHT($B8,2))) ) -> 0 | F8: =KH_Nam_Hieuchinh!D8 -> 800800000 | G8: =KH_Nam_Hieuchinh!H8 -> 2230600000 | H8: =SUMPRODUCT( (HD_Thucte!$E$2:$E$1001)* (HD_Thucte!$A$2:$A$1001="UNI")* (YEAR(HD_Thucte!$F$2:$F$1001)=$C$2)* (MONTH(HD_Thucte!$F$2:$F$1001)=VALUE(RIGHT($B8,2))) ) -> 0 | I8: =KH_Nam_Hieuchinh!E8 -> 1000000000 | J8: =KH_Nam_Hieuchinh!I8 -> 2690500000 | K8: =SUMPRODUCT( (HD_Thucte!$E$2:$E$1001)* (HD_Thucte!$A$2:$A$1001="G2B")* (YEAR(HD_Thucte!$F$2:$F$1001)=$C$2)* (MONTH(HD_Thucte!$F$2:$F$1001)=VALUE(RIGHT($B8,2))) ) -> 0 | L8: =C8+F8+I8 -> 2750800000 | M8: =D8+G8+J8 -> 5871100000 | N8: =E8+H8+K8 -> 0
A9: 5 | B9: Tháng 05 | C9: =KH_Nam_Hieuchinh!C9 -> 950000000 | D9: =KH_Nam_Hieuchinh!G9 -> 950000000 | E9: =SUMPRODUCT( (HD_Thucte!$E$2:$E$1001)* (HD_Thucte!$A$2:$A$1001="ITO")* (YEAR(HD_Thucte!$F$2:$F$1001)=$C$2)* (MONTH(HD_Thucte!$F$2:$F$1001)=VALUE(RIGHT($B9,2))) ) -> 0 | F9: =KH_Nam_Hieuchinh!D9 -> 1357000000 | G9: =KH_Nam_Hieuchinh!H9 -> 6049200000 | H9: =SUMPRODUCT( (HD_Thucte!$E$2:$E$1001)* (HD_Thucte!$A$2:$A$1001="UNI")* (YEAR(HD_Thucte!$F$2:$F$1001)=$C$2)* (MONTH(HD_Thucte!$F$2:$F$1001)=VALUE(RIGHT($B9,2))) ) -> 0 | I9: =KH_Nam_Hieuchinh!E9 -> 600000000 | J9: =KH_Nam_Hieuchinh!I9 -> 2800800000 | K9: =SUMPRODUCT( (HD_Thucte!$E$2:$E$1001)* (HD_Thucte!$A$2:$A$1001="G2B")* (YEAR(HD_Thucte!$F$2:$F$1001)=$C$2)* (MONTH(HD_Thucte!$F$2:$F$1001)=VALUE(RIGHT($B9,2))) ) -> 0 | L9: =C9+F9+I9 -> 2907000000 | M9: =D9+G9+J9 -> 9800000000 | N9: =E9+H9+K9 -> 0
A10: 6 | B10: Tháng 06 | C10: =KH_Nam_Hieuchinh!C10 -> 950000000 | D10: =KH_Nam_Hieuchinh!G10 -> 950000000 | E10: =SUMPRODUCT( (HD_Thucte!$E$2:$E$1001)* (HD_Thucte!$A$2:$A$1001="ITO")* (YEAR(HD_Thucte!$F$2:$F$1001)=$C$2)* (MONTH(HD_Thucte!$F$2:$F$1001)=VALUE(RIGHT($B10,2))) ) -> 0 | F10: =KH_Nam_Hieuchinh!D10 -> 1200000000 | G10: =KH_Nam_Hieuchinh!H10 -> 1900000000 | H10: =SUMPRODUCT( (HD_Thucte!$E$2:$E$1001)* (HD_Thucte!$A$2:$A$1001="UNI")* (YEAR(HD_Thucte!$F$2:$F$1001)=$C$2)* (MONTH(HD_Thucte!$F$2:$F$1001)=VALUE(RIGHT($B10,2))) ) -> 0 | I10: =KH_Nam_Hieuchinh!E10 -> 500000000 | J10: =KH_Nam_Hieuchinh!I10 -> 1891700000 | K10: =SUMPRODUCT( (HD_Thucte!$E$2:$E$1001)* (HD_Thucte!$A$2:$A$1001="G2B")* (YEAR(HD_Thucte!$F$2:$F$1001)=$C$2)* (MONTH(HD_Thucte!$F$2:$F$1001)=VALUE(RIGHT($B10,2))) ) -> 0 | L10: =C10+F10+I10 -> 2650000000 | M10: =D10+G10+J10 -> 4741700000 | N10: =E10+H10+K10 -> 0 | O10: =SUM(N8:N10) -> 0
A11: 7 | B11: Tháng 07 | C11: =KH_Nam_Hieuchinh!C11 -> 950000000 | D11: =KH_Nam_Hieuchinh!G11 -> 950000000 | E11: =SUMPRODUCT( (HD_Thucte!$E$2:$E$1001)* (HD_Thucte!$A$2:$A$1001="ITO")* (YEAR(HD_Thucte!$F$2:$F$1001)=$C$2)* (MONTH(HD_Thucte!$F$2:$F$1001)=VALUE(RIGHT($B11,2))) ) -> 0 | F11: =KH_Nam_Hieuchinh!D11 -> 900000000 | G11: =KH_Nam_Hieuchinh!H11 -> 114240000 | H11: =SUMPRODUCT( (HD_Thucte!$E$2:$E$1001)* (HD_Thucte!$A$2:$A$1001="UNI")* (YEAR(HD_Thucte!$F$2:$F$1001)=$C$2)* (MONTH(HD_Thucte!$F$2:$F$1001)=VALUE(RIGHT($B11,2))) ) -> 0 | I11: =KH_Nam_Hieuchinh!E11 -> 500000000 | J11: =KH_Nam_Hieuchinh!I11 -> 0 | K11: =SUMPRODUCT( (HD_Thucte!$E$2:$E$1001)* (HD_Thucte!$A$2:$A$1001="G2B")* (YEAR(HD_Thucte!$F$2:$F$1001)=$C$2)* (MONTH(HD_Thucte!$F$2:$F$1001)=VALUE(RIGHT($B11,2))) ) -> 0 | L11: =C11+F11+I11 -> 2350000000 | M11: =D11+G11+J11 -> 1064240000 | N11: =E11+H11+K11 -> 0
A12: 8 | B12: Tháng 08 | C12: =KH_Nam_Hieuchinh!C12 -> 950000000 | D12: =KH_Nam_Hieuchinh!G12 -> 950000000 | E12: =SUMPRODUCT( (HD_Thucte!$E$2:$E$1001)* (HD_Thucte!$A$2:$A$1001="ITO")* (YEAR(HD_Thucte!$F$2:$F$1001)=$C$2)* (MONTH(HD_Thucte!$F$2:$F$1001)=VALUE(RIGHT($B12,2))) ) -> 0 | F12: =KH_Nam_Hieuchinh!D12 -> 800000000 | G12: =KH_Nam_Hieuchinh!H12 -> 57300000 | H12: =SUMPRODUCT( (HD_Thucte!$E$2:$E$1001)* (HD_Thucte!$A$2:$A$1001="UNI")* (YEAR(HD_Thucte!$F$2:$F$1001)=$C$2)* (MONTH(HD_Thucte!$F$2:$F$1001)=VALUE(RIGHT($B12,2))) ) -> 0 | I12: =KH_Nam_Hieuchinh!E12 -> 1300000000 | J12: =KH_Nam_Hieuchinh!I12 -> 0 | K12: =SUMPRODUCT( (HD_Thucte!$E$2:$E$1001)* (HD_Thucte!$A$2:$A$1001="G2B")* (YEAR(HD_Thucte!$F$2:$F$1001)=$C$2)* (MONTH(HD_Thucte!$F$2:$F$1001)=VALUE(RIGHT($B12,2))) ) -> 0 | L12: =C12+F12+I12 -> 3050000000 | M12: =D12+G12+J12 -> 1007300000 | N12: =E12+H12+K12 -> 0
A13: 9 | B13: Tháng 09 | C13: =KH_Nam_Hieuchinh!C13 -> 950000000 | D13: =KH_Nam_Hieuchinh!G13 -> 950000000 | E13: =SUMPRODUCT( (HD_Thucte!$E$2:$E$1001)* (HD_Thucte!$A$2:$A$1001="ITO")* (YEAR(HD_Thucte!$F$2:$F$1001)=$C$2)* (MONTH(HD_Thucte!$F$2:$F$1001)=VALUE(RIGHT($B13,2))) ) -> 0 | F13: =KH_Nam_Hieuchinh!D13 -> 1100000000 | G13: =KH_Nam_Hieuchinh!H13 -> 367732000 | H13: =SUMPRODUCT( (HD_Thucte!$E$2:$E$1001)* (HD_Thucte!$A$2:$A$1001="UNI")* (YEAR(HD_Thucte!$F$2:$F$1001)=$C$2)* (MONTH(HD_Thucte!$F$2:$F$1001)=VALUE(RIGHT($B13,2))) ) -> 0 | I13: =KH_Nam_Hieuchinh!E13 -> 1334000000 | J13: =KH_Nam_Hieuchinh!I13 -> 0 | K13: =SUMPRODUCT( (HD_Thucte!$E$2:$E$1001)* (HD_Thucte!$A$2:$A$1001="G2B")* (YEAR(HD_Thucte!$F$2:$F$1001)=$C$2)* (MONTH(HD_Thucte!$F$2:$F$1001)=VALUE(RIGHT($B13,2))) ) -> 0 | L13: =C13+F13+I13 -> 3384000000 | M13: =D13+G13+J13 -> 1317732000 | N13: =E13+H13+K13 -> 0 | O13: =SUM(N11:N13) -> 0
A14: 10 | B14: Tháng 10 | C14: =KH_Nam_Hieuchinh!C14 -> 950000000 | D14: =KH_Nam_Hieuchinh!G14 -> 950000000 | E14: =SUMPRODUCT( (HD_Thucte!$E$2:$E$1001)* (HD_Thucte!$A$2:$A$1001="ITO")* (YEAR(HD_Thucte!$F$2:$F$1001)=$C$2)* (MONTH(HD_Thucte!$F$2:$F$1001)=VALUE(RIGHT($B14,2))) ) -> 0 | F14: =KH_Nam_Hieuchinh!D14 -> 800000000 | G14: =KH_Nam_Hieuchinh!H14 -> 12500000 | H14: =SUMPRODUCT( (HD_Thucte!$E$2:$E$1001)* (HD_Thucte!$A$2:$A$1001="UNI")* (YEAR(HD_Thucte!$F$2:$F$1001)=$C$2)* (MONTH(HD_Thucte!$F$2:$F$1001)=VALUE(RIGHT($B14,2))) ) -> 0 | I14: =KH_Nam_Hieuchinh!E14 -> 800000000 | J14: =KH_Nam_Hieuchinh!I14 -> 0 | K14: =SUMPRODUCT( (HD_Thucte!$E$2:$E$1001)* (HD_Thucte!$A$2:$A$1001="G2B")* (YEAR(HD_Thucte!$F$2:$F$1001)=$C$2)* (MONTH(HD_Thucte!$F$2:$F$1001)=VALUE(RIGHT($B14,2))) ) -> 0 | L14: =C14+F14+I14 -> 2550000000 | M14: =D14+G14+J14 -> 962500000 | N14: =E14+H14+K14 -> 0
A15: 11 | B15: Tháng 11 | C15: =KH_Nam_Hieuchinh!C15 -> 950000000 | D15: =KH_Nam_Hieuchinh!G15 -> 950000000 | E15: =SUMPRODUCT( (HD_Thucte!$E$2:$E$1001)* (HD_Thucte!$A$2:$A$1001="ITO")* (YEAR(HD_Thucte!$F$2:$F$1001)=$C$2)* (MONTH(HD_Thucte!$F$2:$F$1001)=VALUE(RIGHT($B15,2))) ) -> 0 | F15: =KH_Nam_Hieuchinh!D15 -> 900000000 | G15: =KH_Nam_Hieuchinh!H15 -> 60000000 | H15: =SUMPRODUCT( (HD_Thucte!$E$2:$E$1001)* (HD_Thucte!$A$2:$A$1001="UNI")* (YEAR(HD_Thucte!$F$2:$F$1001)=$C$2)* (MONTH(HD_Thucte!$F$2:$F$1001)=VALUE(RIGHT($B15,2))) ) -> 0 | I15: =KH_Nam_Hieuchinh!E15 -> 900000000 | J15: =KH_Nam_Hieuchinh!I15 -> 3300000 | K15: =SUMPRODUCT( (HD_Thucte!$E$2:$E$1001)* (HD_Thucte!$A$2:$A$1001="G2B")* (YEAR(HD_Thucte!$F$2:$F$1001)=$C$2)* (MONTH(HD_Thucte!$F$2:$F$1001)=VALUE(RIGHT($B15,2))) ) -> 0 | L15: =C15+F15+I15 -> 2750000000 | M15: =D15+G15+J15 -> 1013300000 | N15: =E15+H15+K15 -> 0
A16: 12 | B16: Tháng 12 | C16: =KH_Nam_Hieuchinh!C16 -> 950000000 | D16: =KH_Nam_Hieuchinh!G16 -> 950000000 | E16: =SUMPRODUCT( (HD_Thucte!$E$2:$E$1001)* (HD_Thucte!$A$2:$A$1001="ITO")* (YEAR(HD_Thucte!$F$2:$F$1001)=$C$2)* (MONTH(HD_Thucte!$F$2:$F$1001)=VALUE(RIGHT($B16,2))) ) -> 0 | F16: =KH_Nam_Hieuchinh!D16 -> 1000000000 | G16: =KH_Nam_Hieuchinh!H16 -> 35000000 | H16: =SUMPRODUCT( (HD_Thucte!$E$2:$E$1001)* (HD_Thucte!$A$2:$A$1001="UNI")* (YEAR(HD_Thucte!$F$2:$F$1001)=$C$2)* (MONTH(HD_Thucte!$F$2:$F$1001)=VALUE(RIGHT($B16,2))) ) -> 0 | I16: =KH_Nam_Hieuchinh!E16 -> 1000000000 | J16: =KH_Nam_Hieuchinh!I16 -> 17500000 | K16: =SUMPRODUCT( (HD_Thucte!$E$2:$E$1001)* (HD_Thucte!$A$2:$A$1001="G2B")* (YEAR(HD_Thucte!$F$2:$F$1001)=$C$2)* (MONTH(HD_Thucte!$F$2:$F$1001)=VALUE(RIGHT($B16,2))) ) -> 0 | L16: =C16+F16+I16 -> 2950000000 | M16: =D16+G16+J16 -> 1002500000 | N16: =E16+H16+K16 -> 0 | O16: =SUM(N14:N16) -> 0
B17: Năm | C17: =SUM(C5:C16) -> 11400000000 | D17: =SUM(D5:D16) -> 11400000000 | E17: =SUM(E5:E16) -> 1003909178 | F17: =SUM(F5:F16) -> 10100000000 | G17: =SUM(G5:G16) -> 14184512000 | H17: =SUM(H5:H16) -> 194800000 | I17: =SUM(I5:I16) -> 10000000000 | J17: =SUM(J5:J16) -> 7469800000 | K17: =SUM(K5:K16) -> 1767291000 | L17: =C17+F17+I17 -> 31500000000 | M17: =D17+G17+J17 -> 33054312000 | N17: =E17+H17+K17 -> 2966000178
B18: Tỷ lệ | E18: =E17/C17 -> 0.088062209 | H18: =H17/F17 -> 0.019287129 | K18: =K17/I17 -> 0.1767291 | N18: =N17/L17 -> 0.094158736
M19: G2B+UNI | N19: =H17+K17 -> 1962091000
A20: DOANH THU | C20: 2026
A21: STT | B21: Tháng | C21: Nhóm ITO | F21: Nhóm UNI | J21: Nhóm G2B | N21: BPPM
C22: KH đầu năm | D22: Cơ hội | E22: Thực tế | F22: KH đầu năm | G22: Đang thực hiện | H22: Cơ hội | I22: Thực tế | J22: KH đầu năm | K22: Đang thực hiện | L22: Cơ hội | M22: Thực tế | N22: KH đầu năm | O22: Đang thực hiện | P22: Cơ hội | Q22: Thực tế
A23: 1 | B23: Tháng 01 | C23: =KH_Nam_Hieuchinh!C22 -> 950000000 | D23: =KH_Nam_Hieuchinh!G22 -> 950000000 | E23: =SUMPRODUCT( (DT_Thucte!$E$2:$E$1002)* (DT_Thucte!$A$2:$A$1002="ITO")* (YEAR(DT_Thucte!$F$2:$F$1002)=$C$20)* (MONTH(DT_Thucte!$F$2:$F$1002)=VALUE(RIGHT($B23,2))) ) -> 1003909178 | F23: =KH_Nam_Hieuchinh!D22 -> 851000000 | G23: =SUMPRODUCT( ('KH DT_HD da ky'!$E$2:$E$999)* ('KH DT_HD da ky'!$A$2:$A$999="UNI")* (YEAR('KH DT_HD da ky'!$F$2:$F$999)=$C$20)* (MONTH('KH DT_HD da ky'!$F$2:$F$999)=VALUE(RIGHT($B23,2))) ) -> 770116000 | H23: =KH_Nam_Hieuchinh!H22 -> 0 | I23: =SUMPRODUCT( (DT_Thucte!$E$2:$E$1002)* (DT_Thucte!$A$2:$A$1002="UNI")* (YEAR(DT_Thucte!$F$2:$F$1002)=$C$20)* (MONTH(DT_Thucte!$F$2:$F$1002)=VALUE(RIGHT($B23,2))) ) -> 451766000 | J23: =KH_Nam_Hieuchinh!E22 -> 270000000 | K23: =SUMPRODUCT( ('KH DT_HD da ky'!$E$2:$E$999)* ('KH DT_HD da ky'!$A$2:$A$999="G2B")* (YEAR('KH DT_HD da ky'!$F$2:$F$999)=$C$20)* (MONTH('KH DT_HD da ky'!$F$2:$F$999)=VALUE(RIGHT($B23,2))) ) -> 87780000 | L23: =KH_Nam_Hieuchinh!I22 -> 0 | M23: =SUMPRODUCT( (DT_Thucte!$E$2:$E$1002)* (DT_Thucte!$A$2:$A$1002="G2B")* (YEAR(DT_Thucte!$F$2:$F$1002)=$C$20)* (MONTH(DT_Thucte!$F$2:$F$1002)=VALUE(RIGHT($B23,2))) ) -> 96000000 | N23: =C23+F23+J23 -> 2071000000 | O23: =G23+K23 -> 857896000 | P23: =D23+H23+L23 -> 950000000 | Q23: =E23+I23+M23 -> 1551675178
A24: 2 | B24: Tháng 02 | C24: =KH_Nam_Hieuchinh!C23 -> 950000000 | D24: =KH_Nam_Hieuchinh!G23 -> 950000000 | E24: =SUMPRODUCT( (DT_Thucte!$E$2:$E$1002)* (DT_Thucte!$A$2:$A$1002="ITO")* (YEAR(DT_Thucte!$F$2:$F$1002)=$C$20)* (MONTH(DT_Thucte!$F$2:$F$1002)=VALUE(RIGHT($B24,2))) ) -> 0 | F24: =KH_Nam_Hieuchinh!D23 -> 30000000 | G24: =SUMPRODUCT( ('KH DT_HD da ky'!$E$2:$E$999)* ('KH DT_HD da ky'!$A$2:$A$999="UNI")* (YEAR('KH DT_HD da ky'!$F$2:$F$999)=$C$20)* (MONTH('KH DT_HD da ky'!$F$2:$F$999)=VALUE(RIGHT($B24,2))) ) -> 30000000 | H24: =KH_Nam_Hieuchinh!H23 -> 0 | I24: =SUMPRODUCT( (DT_Thucte!$E$2:$E$1002)* (DT_Thucte!$A$2:$A$1002="UNI")* (YEAR(DT_Thucte!$F$2:$F$1002)=$C$20)* (MONTH(DT_Thucte!$F$2:$F$1002)=VALUE(RIGHT($B24,2))) ) -> 507326000 | J24: =KH_Nam_Hieuchinh!E23 -> 1405000000 | K24: =SUMPRODUCT( ('KH DT_HD da ky'!$E$2:$E$999)* ('KH DT_HD da ky'!$A$2:$A$999="G2B")* (YEAR('KH DT_HD da ky'!$F$2:$F$999)=$C$20)* (MONTH('KH DT_HD da ky'!$F$2:$F$999)=VALUE(RIGHT($B24,2))) ) -> 253145500 | L24: =KH_Nam_Hieuchinh!I23 -> 0 | M24: =SUMPRODUCT( (DT_Thucte!$E$2:$E$1002)* (DT_Thucte!$A$2:$A$1002="G2B")* (YEAR(DT_Thucte!$F$2:$F$1002)=$C$20)* (MONTH(DT_Thucte!$F$2:$F$1002)=VALUE(RIGHT($B24,2))) ) -> 112532400 | N24: =C24+F24+J24 -> 2385000000 | O24: =G24+K24 -> 283145500 | P24: =D24+H24+L24 -> 950000000 | Q24: =E24+I24+M24 -> 619858400
A25: 3 | B25: Tháng 03 | C25: =KH_Nam_Hieuchinh!C24 -> 950000000 | D25: =KH_Nam_Hieuchinh!G24 -> 950000000 | E25: =SUMPRODUCT( (DT_Thucte!$E$2:$E$1002)* (DT_Thucte!$A$2:$A$1002="ITO")* (YEAR(DT_Thucte!$F$2:$F$1002)=$C$20)* (MONTH(DT_Thucte!$F$2:$F$1002)=VALUE(RIGHT($B25,2))) ) -> 0 | F25: =KH_Nam_Hieuchinh!D24 -> 770000000 | G25: =SUMPRODUCT( ('KH DT_HD da ky'!$E$2:$E$999)* ('KH DT_HD da ky'!$A$2:$A$999="UNI")* (YEAR('KH DT_HD da ky'!$F$2:$F$999)=$C$20)* (MONTH('KH DT_HD da ky'!$F$2:$F$999)=VALUE(RIGHT($B25,2))) ) -> 70000000 | H25: =KH_Nam_Hieuchinh!H24 -> 904860000 | I25: =SUMPRODUCT( (DT_Thucte!$E$2:$E$1002)* (DT_Thucte!$A$2:$A$1002="UNI")* (YEAR(DT_Thucte!$F$2:$F$1002)=$C$20)* (MONTH(DT_Thucte!$F$2:$F$1002)=VALUE(RIGHT($B25,2))) ) -> 0 | J25: =KH_Nam_Hieuchinh!E24 -> 500000000 | K25: =SUMPRODUCT( ('KH DT_HD da ky'!$E$2:$E$999)* ('KH DT_HD da ky'!$A$2:$A$999="G2B")* (YEAR('KH DT_HD da ky'!$F$2:$F$999)=$C$20)* (MONTH('KH DT_HD da ky'!$F$2:$F$999)=VALUE(RIGHT($B25,2))) ) -> 581400000 | L25: =KH_Nam_Hieuchinh!I24 -> 0 | M25: =SUMPRODUCT( (DT_Thucte!$E$2:$E$1002)* (DT_Thucte!$A$2:$A$1002="G2B")* (YEAR(DT_Thucte!$F$2:$F$1002)=$C$20)* (MONTH(DT_Thucte!$F$2:$F$1002)=VALUE(RIGHT($B25,2))) ) -> 0 | N25: =C25+F25+J25 -> 2220000000 | O25: =G25+K25 -> 651400000 | P25: =D25+H25+L25 -> 1854860000 | Q25: =E25+I25+M25 -> 0 | R25: =SUM(Q23:Q25) -> 2171533578
A26: 4 | B26: Tháng 04 | C26: =KH_Nam_Hieuchinh!C25 -> 950000000 | D26: =KH_Nam_Hieuchinh!G25 -> 950000000 | E26: =SUMPRODUCT( (DT_Thucte!$E$2:$E$1002)* (DT_Thucte!$A$2:$A$1002="ITO")* (YEAR(DT_Thucte!$F$2:$F$1002)=$C$20)* (MONTH(DT_Thucte!$F$2:$F$1002)=VALUE(RIGHT($B26,2))) ) -> 0 | F26: =KH_Nam_Hieuchinh!D25 -> 660000000 | G26: =SUMPRODUCT( ('KH DT_HD da ky'!$E$2:$E$999)* ('KH DT_HD da ky'!$A$2:$A$999="UNI")* (YEAR('KH DT_HD da ky'!$F$2:$F$999)=$C$20)* (MONTH('KH DT_HD da ky'!$F$2:$F$999)=VALUE(RIGHT($B26,2))) ) -> 0 | H26: =KH_Nam_Hieuchinh!H25 -> 660000000 | I26: =SUMPRODUCT( (DT_Thucte!$E$2:$E$1002)* (DT_Thucte!$A$2:$A$1002="UNI")* (YEAR(DT_Thucte!$F$2:$F$1002)=$C$20)* (MONTH(DT_Thucte!$F$2:$F$1002)=VALUE(RIGHT($B26,2))) ) -> 0 | J26: =KH_Nam_Hieuchinh!E25 -> 890000000 | K26: =SUMPRODUCT( ('KH DT_HD da ky'!$E$2:$E$999)* ('KH DT_HD da ky'!$A$2:$A$999="G2B")* (YEAR('KH DT_HD da ky'!$F$2:$F$999)=$C$20)* (MONTH('KH DT_HD da ky'!$F$2:$F$999)=VALUE(RIGHT($B26,2))) ) -> 390000000 | L26: =KH_Nam_Hieuchinh!I25 -> 0 | M26: =SUMPRODUCT( (DT_Thucte!$E$2:$E$1002)* (DT_Thucte!$A$2:$A$1002="G2B")* (YEAR(DT_Thucte!$F$2:$F$1002)=$C$20)* (MONTH(DT_Thucte!$F$2:$F$1002)=VALUE(RIGHT($B26,2))) ) -> 0 | N26: =C26+F26+J26 -> 2500000000 | O26: =G26+K26 -> 390000000 | P26: =D26+H26+L26 -> 1610000000 | Q26: =E26+I26+M26 -> 0
A27: 5 | B27: Tháng 05 | C27: =KH_Nam_Hieuchinh!C26 -> 950000000 | D27: =KH_Nam_Hieuchinh!G26 -> 950000000 | E27: =SUMPRODUCT( (DT_Thucte!$E$2:$E$1002)* (DT_Thucte!$A$2:$A$1002="ITO")* (YEAR(DT_Thucte!$F$2:$F$1002)=$C$20)* (MONTH(DT_Thucte!$F$2:$F$1002)=VALUE(RIGHT($B27,2))) ) -> 0 | F27: =KH_Nam_Hieuchinh!D26 -> 865000000 | G27: =SUMPRODUCT( ('KH DT_HD da ky'!$E$2:$E$999)* ('KH DT_HD da ky'!$A$2:$A$999="UNI")* (YEAR('KH DT_HD da ky'!$F$2:$F$999)=$C$20)* (MONTH('KH DT_HD da ky'!$F$2:$F$999)=VALUE(RIGHT($B27,2))) ) -> 45000000 | H27: =KH_Nam_Hieuchinh!H26 -> 2000000000 | I27: =SUMPRODUCT( (DT_Thucte!$E$2:$E$1002)* (DT_Thucte!$A$2:$A$1002="UNI")* (YEAR(DT_Thucte!$F$2:$F$1002)=$C$20)* (MONTH(DT_Thucte!$F$2:$F$1002)=VALUE(RIGHT($B27,2))) ) -> 0 | J27: =KH_Nam_Hieuchinh!E26 -> 300000000 | K27: =SUMPRODUCT( ('KH DT_HD da ky'!$E$2:$E$999)* ('KH DT_HD da ky'!$A$2:$A$999="G2B")* (YEAR('KH DT_HD da ky'!$F$2:$F$999)=$C$20)* (MONTH('KH DT_HD da ky'!$F$2:$F$999)=VALUE(RIGHT($B27,2))) ) -> 872100000 | L27: =KH_Nam_Hieuchinh!I26 -> 0 | M27: =SUMPRODUCT( (DT_Thucte!$E$2:$E$1002)* (DT_Thucte!$A$2:$A$1002="G2B")* (YEAR(DT_Thucte!$F$2:$F$1002)=$C$20)* (MONTH(DT_Thucte!$F$2:$F$1002)=VALUE(RIGHT($B27,2))) ) -> 0 | N27: =C27+F27+J27 -> 2115000000 | O27: =G27+K27 -> 917100000 | P27: =D27+H27+L27 -> 2950000000 | Q27: =E27+I27+M27 -> 0
A28: 6 | B28: Tháng 06 | C28: =KH_Nam_Hieuchinh!C27 -> 950000000 | D28: =KH_Nam_Hieuchinh!G27 -> 950000000 | E28: =SUMPRODUCT( (DT_Thucte!$E$2:$E$1002)* (DT_Thucte!$A$2:$A$1002="ITO")* (YEAR(DT_Thucte!$F$2:$F$1002)=$C$20)* (MONTH(DT_Thucte!$F$2:$F$1002)=VALUE(RIGHT($B28,2))) ) -> 0 | F28: =KH_Nam_Hieuchinh!D27 -> 870000000 | G28: =SUMPRODUCT( ('KH DT_HD da ky'!$E$2:$E$999)* ('KH DT_HD da ky'!$A$2:$A$999="UNI")* (YEAR('KH DT_HD da ky'!$F$2:$F$999)=$C$20)* (MONTH('KH DT_HD da ky'!$F$2:$F$999)=VALUE(RIGHT($B28,2))) ) -> 484461600 | H28: =KH_Nam_Hieuchinh!H27 -> 570000000 | I28: =SUMPRODUCT( (DT_Thucte!$E$2:$E$1002)* (DT_Thucte!$A$2:$A$1002="UNI")* (YEAR(DT_Thucte!$F$2:$F$1002)=$C$20)* (MONTH(DT_Thucte!$F$2:$F$1002)=VALUE(RIGHT($B28,2))) ) -> 0 | J28: =KH_Nam_Hieuchinh!E27 -> 765000000 | K28: =SUMPRODUCT( ('KH DT_HD da ky'!$E$2:$E$999)* ('KH DT_HD da ky'!$A$2:$A$999="G2B")* (YEAR('KH DT_HD da ky'!$F$2:$F$999)=$C$20)* (MONTH('KH DT_HD da ky'!$F$2:$F$999)=VALUE(RIGHT($B28,2))) ) -> 215115068 | L28: =KH_Nam_Hieuchinh!I27 -> 0 | M28: =SUMPRODUCT( (DT_Thucte!$E$2:$E$1002)* (DT_Thucte!$A$2:$A$1002="G2B")* (YEAR(DT_Thucte!$F$2:$F$1002)=$C$20)* (MONTH(DT_Thucte!$F$2:$F$1002)=VALUE(RIGHT($B28,2))) ) -> 0 | N28: =C28+F28+J28 -> 2585000000 | O28: =G28+K28 -> 699576668 | P28: =D28+H28+L28 -> 1520000000 | Q28: =E28+I28+M28 -> 0 | R28: =SUM(Q26:Q28) -> 0
A29: 7 | B29: Tháng 07 | C29: =KH_Nam_Hieuchinh!C28 -> 950000000 | D29: =KH_Nam_Hieuchinh!G28 -> 950000000 | E29: =SUMPRODUCT( (DT_Thucte!$E$2:$E$1002)* (DT_Thucte!$A$2:$A$1002="ITO")* (YEAR(DT_Thucte!$F$2:$F$1002)=$C$20)* (MONTH(DT_Thucte!$F$2:$F$1002)=VALUE(RIGHT($B29,2))) ) -> 0 | F29: =KH_Nam_Hieuchinh!D28 -> 670000000 | G29: =SUMPRODUCT( ('KH DT_HD da ky'!$E$2:$E$999)* ('KH DT_HD da ky'!$A$2:$A$999="UNI")* (YEAR('KH DT_HD da ky'!$F$2:$F$999)=$C$20)* (MONTH('KH DT_HD da ky'!$F$2:$F$999)=VALUE(RIGHT($B29,2))) ) -> 0 | H29: =KH_Nam_Hieuchinh!H28 -> 0 | I29: =SUMPRODUCT( (DT_Thucte!$E$2:$E$1002)* (DT_Thucte!$A$2:$A$1002="UNI")* (YEAR(DT_Thucte!$F$2:$F$1002)=$C$20)* (MONTH(DT_Thucte!$F$2:$F$1002)=VALUE(RIGHT($B29,2))) ) -> 0 | J29: =KH_Nam_Hieuchinh!E28 -> 400000000 | K29: =SUMPRODUCT( ('KH DT_HD da ky'!$E$2:$E$999)* ('KH DT_HD da ky'!$A$2:$A$999="G2B")* (YEAR('KH DT_HD da ky'!$F$2:$F$999)=$C$20)* (MONTH('KH DT_HD da ky'!$F$2:$F$999)=VALUE(RIGHT($B29,2))) ) -> 0 | L29: =KH_Nam_Hieuchinh!I28 -> 0 | M29: =SUMPRODUCT( (DT_Thucte!$E$2:$E$1002)* (DT_Thucte!$A$2:$A$1002="G2B")* (YEAR(DT_Thucte!$F$2:$F$1002)=$C$20)* (MONTH(DT_Thucte!$F$2:$F$1002)=VALUE(RIGHT($B29,2))) ) -> 0 | N29: =C29+F29+J29 -> 2020000000 | O29: =G29+K29 -> 0 | P29: =D29+H29+L29 -> 950000000 | Q29: =E29+I29+M29 -> 0
A30: 8 | B30: Tháng 08 | C30: =KH_Nam_Hieuchinh!C29 -> 950000000 | D30: =KH_Nam_Hieuchinh!G29 -> 950000000 | E30: =SUMPRODUCT( (DT_Thucte!$E$2:$E$1002)* (DT_Thucte!$A$2:$A$1002="ITO")* (YEAR(DT_Thucte!$F$2:$F$1002)=$C$20)* (MONTH(DT_Thucte!$F$2:$F$1002)=VALUE(RIGHT($B30,2))) ) -> 0 | F30: =KH_Nam_Hieuchinh!D29 -> 831000000 | G30: =SUMPRODUCT( ('KH DT_HD da ky'!$E$2:$E$999)* ('KH DT_HD da ky'!$A$2:$A$999="UNI")* (YEAR('KH DT_HD da ky'!$F$2:$F$999)=$C$20)* (MONTH('KH DT_HD da ky'!$F$2:$F$999)=VALUE(RIGHT($B30,2))) ) -> 0 | H30: =KH_Nam_Hieuchinh!H29 -> 1540000000 | I30: =SUMPRODUCT( (DT_Thucte!$E$2:$E$1002)* (DT_Thucte!$A$2:$A$1002="UNI")* (YEAR(DT_Thucte!$F$2:$F$1002)=$C$20)* (MONTH(DT_Thucte!$F$2:$F$1002)=VALUE(RIGHT($B30,2))) ) -> 0 | J30: =KH_Nam_Hieuchinh!E29 -> 900000000 | K30: =SUMPRODUCT( ('KH DT_HD da ky'!$E$2:$E$999)* ('KH DT_HD da ky'!$A$2:$A$999="G2B")* (YEAR('KH DT_HD da ky'!$F$2:$F$999)=$C$20)* (MONTH('KH DT_HD da ky'!$F$2:$F$999)=VALUE(RIGHT($B30,2))) ) -> 148145500 | L30: =KH_Nam_Hieuchinh!I29 -> 0 | M30: =SUMPRODUCT( (DT_Thucte!$E$2:$E$1002)* (DT_Thucte!$A$2:$A$1002="G2B")* (YEAR(DT_Thucte!$F$2:$F$1002)=$C$20)* (MONTH(DT_Thucte!$F$2:$F$1002)=VALUE(RIGHT($B30,2))) ) -> 0 | N30: =C30+F30+J30 -> 2681000000 | O30: =G30+K30 -> 148145500 | P30: =D30+H30+L30 -> 2490000000 | Q30: =E30+I30+M30 -> 0
A31: 9 | B31: Tháng 09 | C31: =KH_Nam_Hieuchinh!C30 -> 950000000 | D31: =KH_Nam_Hieuchinh!G30 -> 950000000 | E31: =SUMPRODUCT( (DT_Thucte!$E$2:$E$1002)* (DT_Thucte!$A$2:$A$1002="ITO")* (YEAR(DT_Thucte!$F$2:$F$1002)=$C$20)* (MONTH(DT_Thucte!$F$2:$F$1002)=VALUE(RIGHT($B31,2))) ) -> 0 | F31: =KH_Nam_Hieuchinh!D30 -> 725500000 | G31: =SUMPRODUCT( ('KH DT_HD da ky'!$E$2:$E$999)* ('KH DT_HD da ky'!$A$2:$A$999="UNI")* (YEAR('KH DT_HD da ky'!$F$2:$F$999)=$C$20)* (MONTH('KH DT_HD da ky'!$F$2:$F$999)=VALUE(RIGHT($B31,2))) ) -> 25500000 | H31: =KH_Nam_Hieuchinh!H30 -> 6311340000 | I31: =SUMPRODUCT( (DT_Thucte!$E$2:$E$1002)* (DT_Thucte!$A$2:$A$1002="UNI")* (YEAR(DT_Thucte!$F$2:$F$1002)=$C$20)* (MONTH(DT_Thucte!$F$2:$F$1002)=VALUE(RIGHT($B31,2))) ) -> 0 | J31: =KH_Nam_Hieuchinh!E30 -> 800000000 | K31: =SUMPRODUCT( ('KH DT_HD da ky'!$E$2:$E$999)* ('KH DT_HD da ky'!$A$2:$A$999="G2B")* (YEAR('KH DT_HD da ky'!$F$2:$F$999)=$C$20)* (MONTH('KH DT_HD da ky'!$F$2:$F$999)=VALUE(RIGHT($B31,2))) ) -> 0 | L31: =KH_Nam_Hieuchinh!I30 -> 0 | M31: =SUMPRODUCT( (DT_Thucte!$E$2:$E$1002)* (DT_Thucte!$A$2:$A$1002="G2B")* (YEAR(DT_Thucte!$F$2:$F$1002)=$C$20)* (MONTH(DT_Thucte!$F$2:$F$1002)=VALUE(RIGHT($B31,2))) ) -> 0 | N31: =C31+F31+J31 -> 2475500000 | O31: =G31+K31 -> 25500000 | P31: =D31+H31+L31 -> 7261340000 | Q31: =E31+I31+M31 -> 0 | R31: =SUM(Q29:Q31) -> 0
A32: 10 | B32: Tháng 10 | C32: =KH_Nam_Hieuchinh!C31 -> 950000000 | D32: =KH_Nam_Hieuchinh!G31 -> 950000000 | E32: =SUMPRODUCT( (DT_Thucte!$E$2:$E$1002)* (DT_Thucte!$A$2:$A$1002="ITO")* (YEAR(DT_Thucte!$F$2:$F$1002)=$C$20)* (MONTH(DT_Thucte!$F$2:$F$1002)=VALUE(RIGHT($B32,2))) ) -> 0 | F32: =KH_Nam_Hieuchinh!D31 -> 682500000 | G32: =SUMPRODUCT( ('KH DT_HD da ky'!$E$2:$E$999)* ('KH DT_HD da ky'!$A$2:$A$999="UNI")* (YEAR('KH DT_HD da ky'!$F$2:$F$999)=$C$20)* (MONTH('KH DT_HD da ky'!$F$2:$F$999)=VALUE(RIGHT($B32,2))) ) -> 12500000 | H32: =KH_Nam_Hieuchinh!H31 -> 0 | I32: =SUMPRODUCT( (DT_Thucte!$E$2:$E$1002)* (DT_Thucte!$A$2:$A$1002="UNI")* (YEAR(DT_Thucte!$F$2:$F$1002)=$C$20)* (MONTH(DT_Thucte!$F$2:$F$1002)=VALUE(RIGHT($B32,2))) ) -> 0 | J32: =KH_Nam_Hieuchinh!E31 -> 600000000 | K32: =SUMPRODUCT( ('KH DT_HD da ky'!$E$2:$E$999)* ('KH DT_HD da ky'!$A$2:$A$999="G2B")* (YEAR('KH DT_HD da ky'!$F$2:$F$999)=$C$20)* (MONTH('KH DT_HD da ky'!$F$2:$F$999)=VALUE(RIGHT($B32,2))) ) -> 0 | L32: =KH_Nam_Hieuchinh!I31 -> 0 | M32: =SUMPRODUCT( (DT_Thucte!$E$2:$E$1002)* (DT_Thucte!$A$2:$A$1002="G2B")* (YEAR(DT_Thucte!$F$2:$F$1002)=$C$20)* (MONTH(DT_Thucte!$F$2:$F$1002)=VALUE(RIGHT($B32,2))) ) -> 0 | N32: =C32+F32+J32 -> 2232500000 | O32: =G32+K32 -> 12500000 | P32: =D32+H32+L32 -> 950000000 | Q32: =E32+I32+M32 -> 0
A33: 11 | B33: Tháng 11 | C33: =KH_Nam_Hieuchinh!C32 -> 950000000 | D33: =KH_Nam_Hieuchinh!G32 -> 950000000 | E33: =SUMPRODUCT( (DT_Thucte!$E$2:$E$1002)* (DT_Thucte!$A$2:$A$1002="ITO")* (YEAR(DT_Thucte!$F$2:$F$1002)=$C$20)* (MONTH(DT_Thucte!$F$2:$F$1002)=VALUE(RIGHT($B33,2))) ) -> 0 | F33: =KH_Nam_Hieuchinh!D32 -> 700000000 | G33: =SUMPRODUCT( ('KH DT_HD da ky'!$E$2:$E$999)* ('KH DT_HD da ky'!$A$2:$A$999="UNI")* (YEAR('KH DT_HD da ky'!$F$2:$F$999)=$C$20)* (MONTH('KH DT_HD da ky'!$F$2:$F$999)=VALUE(RIGHT($B33,2))) ) -> 0 | H33: =KH_Nam_Hieuchinh!H32 -> 1685232000 | I33: =SUMPRODUCT( (DT_Thucte!$E$2:$E$1002)* (DT_Thucte!$A$2:$A$1002="UNI")* (YEAR(DT_Thucte!$F$2:$F$1002)=$C$20)* (MONTH(DT_Thucte!$F$2:$F$1002)=VALUE(RIGHT($B33,2))) ) -> 0 | J33: =KH_Nam_Hieuchinh!E32 -> 970000000 | K33: =SUMPRODUCT( ('KH DT_HD da ky'!$E$2:$E$999)* ('KH DT_HD da ky'!$A$2:$A$999="G2B")* (YEAR('KH DT_HD da ky'!$F$2:$F$999)=$C$20)* (MONTH('KH DT_HD da ky'!$F$2:$F$999)=VALUE(RIGHT($B33,2))) ) -> 168798600 | L33: =KH_Nam_Hieuchinh!I32 -> 0 | M33: =SUMPRODUCT( (DT_Thucte!$E$2:$E$1002)* (DT_Thucte!$A$2:$A$1002="G2B")* (YEAR(DT_Thucte!$F$2:$F$1002)=$C$20)* (MONTH(DT_Thucte!$F$2:$F$1002)=VALUE(RIGHT($B33,2))) ) -> 0 | N33: =C33+F33+J33 -> 2620000000 | O33: =G33+K33 -> 168798600 | P33: =D33+H33+L33 -> 2635232000 | Q33: =E33+I33+M33 -> 0
A34: 12 | B34: Tháng 12 | C34: =KH_Nam_Hieuchinh!C33 -> 950000000 | D34: =KH_Nam_Hieuchinh!G33 -> 950000000 | E34: =SUMPRODUCT( (DT_Thucte!$E$2:$E$1002)* (DT_Thucte!$A$2:$A$1002="ITO")* (YEAR(DT_Thucte!$F$2:$F$1002)=$C$20)* (MONTH(DT_Thucte!$F$2:$F$1002)=VALUE(RIGHT($B34,2))) ) -> 0 | F34: =KH_Nam_Hieuchinh!D33 -> 1645000000 | G34: =SUMPRODUCT( ('KH DT_HD da ky'!$E$2:$E$999)* ('KH DT_HD da ky'!$A$2:$A$999="UNI")* (YEAR('KH DT_HD da ky'!$F$2:$F$999)=$C$20)* (MONTH('KH DT_HD da ky'!$F$2:$F$999)=VALUE(RIGHT($B34,2))) ) -> 744290588 | H34: =KH_Nam_Hieuchinh!H33 -> 0 | I34: =SUMPRODUCT( (DT_Thucte!$E$2:$E$1002)* (DT_Thucte!$A$2:$A$1002="UNI")* (YEAR(DT_Thucte!$F$2:$F$1002)=$C$20)* (MONTH(DT_Thucte!$F$2:$F$1002)=VALUE(RIGHT($B34,2))) ) -> 0 | J34: =KH_Nam_Hieuchinh!E33 -> 1500000000 | K34: =SUMPRODUCT( ('KH DT_HD da ky'!$E$2:$E$999)* ('KH DT_HD da ky'!$A$2:$A$999="G2B")* (YEAR('KH DT_HD da ky'!$F$2:$F$999)=$C$20)* (MONTH('KH DT_HD da ky'!$F$2:$F$999)=VALUE(RIGHT($B34,2))) ) -> 0 | L34: =KH_Nam_Hieuchinh!I33 -> 0 | M34: =SUMPRODUCT( (DT_Thucte!$E$2:$E$1002)* (DT_Thucte!$A$2:$A$1002="G2B")* (YEAR(DT_Thucte!$F$2:$F$1002)=$C$20)* (MONTH(DT_Thucte!$F$2:$F$1002)=VALUE(RIGHT($B34,2))) ) -> 0 | N34: =C34+F34+J34 -> 4095000000 | O34: =G34+K34 -> 744290588 | P34: =D34+H34+L34 -> 950000000 | Q34: =E34+I34+M34 -> 0 | R34: =SUM(Q32:Q34) -> 0
B35: Đến hiện tại | C35: =SUM(C23:C34) -> 11400000000 | D35: =SUM(D23:D34) -> 11400000000 | E35: =SUM(E23:E34) -> 1003909178 | F35: =SUM(F23:F34) -> 9300000000 | G35: =SUM(G23:G34) -> 2181868188 | H35: =SUM(H23:H34) -> 13671432000 | I35: =SUM(I23:I34) -> 959092000 | J35: =SUM(J23:J34) -> 9300000000 | ... M35: =SUM(M23:M34) -> 208532400 | N35: =C35+F35+J35 -> 30000000000 | O35: =G35+K35 -> 4898352856 | P35: =D35+H35+L35 -> 25071432000 | Q35: =E35+I35+M35 -> 2171533578
B36: Tỷ lệ | E36: =E35/C35 -> 0.088062209 | I36: =I35/F35 -> 0.10312817 | M36: =M35/J35 -> 0.022422839 | Q36: =Q35/N35 -> 0.072384453
P37: G2B+UNI | Q37: =I35+M35 -> 1167624400

Sheet TH theo khach hang
D1: =D4+D6+D107+D208 -> 0 | E1: =E4+E6+E107+E208 -> 0 | H1: =SUMIF($C$4:$C$308,"X",$H$4:$H$308) -> 0 | I1: =SUMIF($C$4:$C$308,"X",$I$4:$I$308) -> 0
A2: Mã số | B2: Tên sản phẩm, khách hàng | C2: Bảo trì | E2: Kế hoạch đầu năm | J2: Thực tế
D3: Hợp đồng | E3: Doanh thu | F3: Là DT từ dự án | G3: Thời gian HĐ | H3: Hợp đồng | I3: Doanh thu | J3: Ghi doanh thu | K3: Doanh thu còn lại | L3: Công nợ | M3: Thời gian DT
A4: NHÓM ITO | D4: =D5 -> 0 | E4: =E5 -> 0
A5: ITO01 | B5: Hợp đồng Outsource | E5: =D5 -> 0 | H5: =VLOOKUP(A5,'Thuc te theo thang'!$A$4:$I$309,8,FALSE) -> 0 | I5: =VLOOKUP(A5,'Thuc te theo thang'!$A$4:$I$309,9,FALSE) -> 0 | K5: =H5-I5-J5 -> 0
A6: NHÓM UNI | D6: =SUM(D7:D106) -> 0 | E6: =SUM(E7:E106) -> 0 | H6: =SUMIF($C$7:$C$106,"x",H7:H106) -> 0 | I6: =SUMIF($C$7:$C$106,"x",I7:I106) -> 0 | K6: =SUM(K7:K106) -> 0
A7: UNI01 | H7: =VLOOKUP(A7,'Thuc te theo thang'!$A$4:$I$309,8,FALSE) -> 0 | I7: =VLOOKUP(A7,'Thuc te theo thang'!$A$4:$I$309,9,FALSE) -> 0 | K7: =H7-I7-J7 -> 0
A8: UNI02 | H8: =VLOOKUP(A8,'Thuc te theo thang'!$A$4:$I$309,8,FALSE) -> 0 | I8: =VLOOKUP(A8,'Thuc te theo thang'!$A$4:$I$309,9,FALSE) -> 0 | K8: =H8-I8-J8 -> 0
A9: UNI03 | H9: =VLOOKUP(A9,'Thuc te theo thang'!$A$4:$I$309,8,FALSE) -> 0 | I9: =VLOOKUP(A9,'Thuc te theo thang'!$A$4:$I$309,9,FALSE) -> 0 | K9: =H9-I9-J9 -> 0
A10: UNI04 | H10: =VLOOKUP(A10,'Thuc te theo thang'!$A$4:$I$309,8,FALSE) -> 0 | I10: =VLOOKUP(A10,'Thuc te theo thang'!$A$4:$I$309,9,FALSE) -> 0 | K10: =H10-I10-J10 -> 0
A11: UNI05 | H11: =VLOOKUP(A11,'Thuc te theo thang'!$A$4:$I$309,8,FALSE) -> 0 | I11: =VLOOKUP(A11,'Thuc te theo thang'!$A$4:$I$309,9,FALSE) -> 0 | K11: =H11-I11-J11 -> 0
A12: UNI06 | H12: =VLOOKUP(A12,'Thuc te theo thang'!$A$4:$I$309,8,FALSE) -> 0 | I12: =VLOOKUP(A12,'Thuc te theo thang'!$A$4:$I$309,9,FALSE) -> 0 | K12: =H12-I12-J12 -> 0
A13: UNI07 | H13: =VLOOKUP(A13,'Thuc te theo thang'!$A$4:$I$309,8,FALSE) -> 0 | I13: =VLOOKUP(A13,'Thuc te theo thang'!$A$4:$I$309,9,FALSE) -> 0 | K13: =H13-I13-J13 -> 0
A14: UNI08 | H14: =VLOOKUP(A14,'Thuc te theo thang'!$A$4:$I$309,8,FALSE) -> 0 | I14: =VLOOKUP(A14,'Thuc te theo thang'!$A$4:$I$309,9,FALSE) -> 0 | K14: =H14-I14-J14 -> 0
A15: UNI09 | H15: =VLOOKUP(A15,'Thuc te theo thang'!$A$4:$I$309,8,FALSE) -> 0 | I15: =VLOOKUP(A15,'Thuc te theo thang'!$A$4:$I$309,9,FALSE) -> 0 | K15: =H15-I15-J15 -> 0
A16: UNI10 | H16: =VLOOKUP(A16,'Thuc te theo thang'!$A$4:$I$309,8,FALSE) -> 0 | I16: =VLOOKUP(A16,'Thuc te theo thang'!$A$4:$I$309,9,FALSE) -> 0 | K16: =H16-I16-J16 -> 0
A17: UNI11 | H17: =VLOOKUP(A17,'Thuc te theo thang'!$A$4:$I$309,8,FALSE) -> 0 | I17: =VLOOKUP(A17,'Thuc te theo thang'!$A$4:$I$309,9,FALSE) -> 0 | K17: =H17-I17-J17 -> 0
A18: UNI12 | H18: =VLOOKUP(A18,'Thuc te theo thang'!$A$4:$I$309,8,FALSE) -> 0 | I18: =VLOOKUP(A18,'Thuc te theo thang'!$A$4:$I$309,9,FALSE) -> 0 | K18: =H18-I18-J18 -> 0
... A76: UNI70 | H76: =VLOOKUP(A76,'Thuc te theo thang'!$A$4:$I$309,8,FALSE) -> 0 | I76: =VLOOKUP(A76,'Thuc te theo thang'!$A$4:$I$309,9,FALSE) -> 0 | K76: =H76-I76-J76 -> 0
A77: UNI71 | H77: =VLOOKUP(A77,'Thuc te theo thang'!$A$4:$I$309,8,FALSE) -> 0 | I77: =VLOOKUP(A77,'Thuc te theo thang'!$A$4:$I$309,9,FALSE) -> 0
A78: UNI72 | H78: =VLOOKUP(A78,'Thuc te theo thang'!$A$4:$I$309,8,FALSE) -> 0 | I78: =VLOOKUP(A78,'Thuc te theo thang'!$A$4:$I$309,9,FALSE) -> 0 | K78: =H78-I78-J78 -> 0
A79: UNI73 | H79: =VLOOKUP(A79,'Thuc te theo thang'!$A$4:$I$309,8,FALSE) -> 0 | I79: =VLOOKUP(A79,'Thuc te theo thang'!$A$4:$I$309,9,FALSE) -> 0 | K79: =H79-I79-J79 -> 0
A80: UNI74 | H80: =VLOOKUP(A80,'Thuc te theo thang'!$A$4:$I$309,8,FALSE) -> 0 | I80: =VLOOKUP(A80,'Thuc te theo thang'!$A$4:$I$309,9,FALSE) -> 0 | K80: =H80-I80-J80 -> 0
A81: UNI75 | H81: =VLOOKUP(A81,'Thuc te theo thang'!$A$4:$I$309,8,FALSE) -> 0 | I81: =VLOOKUP(A81,'Thuc te theo thang'!$A$4:$I$309,9,FALSE) -> 0 | K81: =H81-I81-J81 -> 0
A82: UNI76 | H82: =VLOOKUP(A82,'Thuc te theo thang'!$A$4:$I$309,8,FALSE) -> 0 | I82: =VLOOKUP(A82,'Thuc te theo thang'!$A$4:$I$309,9,FALSE) -> 0 | K82: =H82-I82-J82 -> 0
A83: UNI77 | H83: =VLOOKUP(A83,'Thuc te theo thang'!$A$4:$I$309,8,FALSE) -> 0 | I83: =VLOOKUP(A83,'Thuc te theo thang'!$A$4:$I$309,9,FALSE) -> 0 | K83: =H83-I83-J83 -> 0
A84: UNI78 | H84: =VLOOKUP(A84,'Thuc te theo thang'!$A$4:$I$309,8,FALSE) -> 0 | I84: =VLOOKUP(A84,'Thuc te theo thang'!$A$4:$I$309,9,FALSE) -> 0 | K84: =H84-I84-J84 -> 0
A85: UNI79 | H85: =VLOOKUP(A85,'Thuc te theo thang'!$A$4:$I$309,8,FALSE) -> 0 | I85: =VLOOKUP(A85,'Thuc te theo thang'!$A$4:$I$309,9,FALSE) -> 0 | K85: =H85-I85-J85 -> 0
A86: UNI80 | H86: =VLOOKUP(A86,'Thuc te theo thang'!$A$4:$I$309,8,FALSE) -> 0 | I86: =VLOOKUP(A86,'Thuc te theo thang'!$A$4:$I$309,9,FALSE) -> 0 | K86: =H86-I86-J86 -> 0
A87: UNI81 | H87: =VLOOKUP(A87,'Thuc te theo thang'!$A$4:$I$309,8,FALSE) -> 0 | I87: =VLOOKUP(A87,'Thuc te theo thang'!$A$4:$I$309,9,FALSE) -> 0 | K87: =H87-I87-J87 -> 0
A88: UNI82 | H88: =VLOOKUP(A88,'Thuc te theo thang'!$A$4:$I$309,8,FALSE) -> 0 | I88: =VLOOKUP(A88,'Thuc te theo thang'!$A$4:$I$309,9,FALSE) -> 0 | K88: =H88-I88-J88 -> 0
A89: UNI83 | H89: =VLOOKUP(A89,'Thuc te theo thang'!$A$4:$I$309,8,FALSE) -> 0 | I89: =VLOOKUP(A89,'Thuc te theo thang'!$A$4:$I$309,9,FALSE) -> 0 | K89: =H89-I89-J89 -> 0
... A105: UNI99 | H105: =VLOOKUP(A105,'Thuc te theo thang'!$A$4:$I$309,8,FALSE) -> 0 | I105: =VLOOKUP(A105,'Thuc te theo thang'!$A$4:$I$309,9,FALSE) -> 0 | K105: =H105-I105-J105 -> 0
A106: UNI100 | B106: Chuyển doanh thu từ ITO | H106: =VLOOKUP(A106,'Thuc te theo thang'!$A$4:$I$309,8,FALSE) -> 0 | I106: =VLOOKUP(A106,'Thuc te theo thang'!$A$4:$I$309,9,FALSE) -> 0 | K106: =H106-I106-J106 -> 0
A107: NHÓM BIZ | D107: =SUM(D108:D207) -> 0 | E107: =SUM(E108:E207) -> 0 | H107: =SUMIF($C$108:$C$207,"x",H108:H207) -> 0 | I107: =VLOOKUP(A107,'Thuc te theo thang'!$A$4:$I$309,9,FALSE) -> 0
A108: BIZ01 | H108: =VLOOKUP(A108,'Thuc te theo thang'!$A$4:$I$309,8,FALSE) -> 0 | I108: =VLOOKUP(A108,'Thuc te theo thang'!$A$4:$I$309,9,FALSE) -> 0 | K108: =H108-I108-J108 -> 0
A109: BIZ02 | H109: =VLOOKUP(A109,'Thuc te theo thang'!$A$4:$I$309,8,FALSE) -> 0 | I109: =VLOOKUP(A109,'Thuc te theo thang'!$A$4:$I$309,9,FALSE) -> 0 | K109: =H109-I109-J109 -> 0
A110: BIZ03 | H110: =VLOOKUP(A110,'Thuc te theo thang'!$A$4:$I$309,8,FALSE) -> 0 | I110: =VLOOKUP(A110,'Thuc te theo thang'!$A$4:$I$309,9,FALSE) -> 0 | K110: =H110-I110-J110 -> 0
A111: BIZ04 | H111: =VLOOKUP(A111,'Thuc te theo thang'!$A$4:$I$309,8,FALSE) -> 0 | I111: =VLOOKUP(A111,'Thuc te theo thang'!$A$4:$I$309,9,FALSE) -> 0 | K111: =H111-I111-J111 -> 0
A112: BIZ05 | H112: =VLOOKUP(A112,'Thuc te theo thang'!$A$4:$I$309,8,FALSE) -> 0 | I112: =VLOOKUP(A112,'Thuc te theo thang'!$A$4:$I$309,9,FALSE) -> 0 | K112: =H112-I112-J112 -> 0
A113: BIZ06 | H113: =VLOOKUP(A113,'Thuc te theo thang'!$A$4:$I$309,8,FALSE) -> 0 | I113: =VLOOKUP(A113,'Thuc te theo thang'!$A$4:$I$309,9,FALSE) -> 0 | K113: =H113-I113-J113 -> 0
A114: BIZ07 | H114: =VLOOKUP(A114,'Thuc te theo thang'!$A$4:$I$309,8,FALSE) -> 0 | I114: =VLOOKUP(A114,'Thuc te theo thang'!$A$4:$I$309,9,FALSE) -> 0 | K114: =H114-I114-J114 -> 0
A115: BIZ08 | H115: =VLOOKUP(A115,'Thuc te theo thang'!$A$4:$I$309,8,FALSE) -> 0 | I115: =VLOOKUP(A115,'Thuc te theo thang'!$A$4:$I$309,9,FALSE) -> 0 | K115: =H115-I115-J115 -> 0
A116: BIZ09 | H116: =VLOOKUP(A116,'Thuc te theo thang'!$A$4:$I$309,8,FALSE) -> 0 | I116: =VLOOKUP(A116,'Thuc te theo thang'!$A$4:$I$309,9,FALSE) -> 0 | K116: =H116-I116-J116 -> 0
A117: BIZ10 | H117: =VLOOKUP(A117,'Thuc te theo thang'!$A$4:$I$309,8,FALSE) -> 0 | I117: =VLOOKUP(A117,'Thuc te theo thang'!$A$4:$I$309,9,FALSE) -> 0 | K117: =H117-I117-J117 -> 0
A118: BIZ11 | H118: =VLOOKUP(A118,'Thuc te theo thang'!$A$4:$I$309,8,FALSE) -> 0 | I118: =VLOOKUP(A118,'Thuc te theo thang'!$A$4:$I$309,9,FALSE) -> 0 | K118: =H118-I118-J118 -> 0
A119: BIZ12 | H119: =VLOOKUP(A119,'Thuc te theo thang'!$A$4:$I$309,8,FALSE) -> 0 | I119: =VLOOKUP(A119,'Thuc te theo thang'!$A$4:$I$309,9,FALSE) -> 0 | K119: =H119-I119-J119 -> 0
... A207: BIZ100 | H207: =VLOOKUP(A207,'Thuc te theo thang'!$A$4:$I$309,8,FALSE) -> 0 | I207: =VLOOKUP(A207,'Thuc te theo thang'!$A$4:$I$309,9,FALSE) -> 0 | K207: =H207-I207-J207 -> 0
A208: NHÓM G2B | D208: =SUM(D209:D308) -> 0 | E208: =SUM(E209:E308) -> 0 | H208: =SUMIF($C$209:$C$308,"x",H209:H308) -> 0 | I208: =SUMIF($C$209:$C$308,"x",I209:I308) -> 0 | K208: =SUM(K209:K308) -> 0
A209: G2B01 | H209: =VLOOKUP(A209,'Thuc te theo thang'!$A$4:$I$309,8,FALSE) -> 0 | I209: =VLOOKUP(A209,'Thuc te theo thang'!$A$4:$I$309,9,FALSE) -> 0 | K209: =H209-I209-J209 -> 0
A210: G2B02 | H210: =VLOOKUP(A210,'Thuc te theo thang'!$A$4:$I$309,8,FALSE) -> 0 | I210: =VLOOKUP(A210,'Thuc te theo thang'!$A$4:$I$309,9,FALSE) -> 0 | K210: =H210-I210-J210 -> 0
A211: G2B03 | H211: =VLOOKUP(A211,'Thuc te theo thang'!$A$4:$I$309,8,FALSE) -> 0 | I211: =VLOOKUP(A211,'Thuc te theo thang'!$A$4:$I$309,9,FALSE) -> 0 | K211: =H211-I211-J211 -> 0
A212: G2B04 | H212: =VLOOKUP(A212,'Thuc te theo thang'!$A$4:$I$309,8,FALSE) -> 0 | I212: =VLOOKUP(A212,'Thuc te theo thang'!$A$4:$I$309,9,FALSE) -> 0 | K212: =H212-I212-J212 -> 0
A213: G2B05 | H213: =VLOOKUP(A213,'Thuc te theo thang'!$A$4:$I$309,8,FALSE) -> 0 | I213: =VLOOKUP(A213,'Thuc te theo thang'!$A$4:$I$309,9,FALSE) -> 0 | K213: =H213-I213-J213 -> 0
A214: G2B06 | H214: =VLOOKUP(A214,'Thuc te theo thang'!$A$4:$I$309,8,FALSE) -> 0 | I214: =VLOOKUP(A214,'Thuc te theo thang'!$A$4:$I$309,9,FALSE) -> 0 | K214: =H214-I214-J214 -> 0
A215: G2B07 | H215: =VLOOKUP(A215,'Thuc te theo thang'!$A$4:$I$309,8,FALSE) -> 0 | I215: =VLOOKUP(A215,'Thuc te theo thang'!$A$4:$I$309,9,FALSE) -> 0 | K215: =H215-I215-J215 -> 0
A216: G2B08 | H216: =VLOOKUP(A216,'Thuc te theo thang'!$A$4:$I$309,8,FALSE) -> 0 | I216: =VLOOKUP(A216,'Thuc te theo thang'!$A$4:$I$309,9,FALSE) -> 0 | K216: =H216-I216-J216 -> 0
A217: G2B09 | H217: =VLOOKUP(A217,'Thuc te theo thang'!$A$4:$I$309,8,FALSE) -> 0 | I217: =VLOOKUP(A217,'Thuc te theo thang'!$A$4:$I$309,9,FALSE) -> 0 | K217: =H217-I217-J217 -> 0
A218: G2B10 | H218: =VLOOKUP(A218,'Thuc te theo thang'!$A$4:$I$309,8,FALSE) -> 0 | I218: =VLOOKUP(A218,'Thuc te theo thang'!$A$4:$I$309,9,FALSE) -> 0 | K218: =H218-I218-J218 -> 0
A219: G2B11 | H219: =VLOOKUP(A219,'Thuc te theo thang'!$A$4:$I$309,8,FALSE) -> 0 | I219: =VLOOKUP(A219,'Thuc te theo thang'!$A$4:$I$309,9,FALSE) -> 0 | K219: =H219-I219-J219 -> 0
A220: G2B12 | H220: =VLOOKUP(A220,'Thuc te theo thang'!$A$4:$I$309,8,FALSE) -> 0 | I220: =VLOOKUP(A220,'Thuc te theo thang'!$A$4:$I$309,9,FALSE) -> 0 | K220: =H220-I220-J220 -> 0
... A307: G2B99 | H307: =VLOOKUP(A307,'Thuc te theo thang'!$A$4:$I$309,8,FALSE) -> 0 | I307: =VLOOKUP(A307,'Thuc te theo thang'!$A$4:$I$309,9,FALSE) -> 0 | K307: =H307-I307-J307 -> 0
A308: G2B100 | B308: Chuyển doanh thu từ ITO | H308: =VLOOKUP(A308,'Thuc te theo thang'!$A$4:$I$309,8,FALSE) -> 0 | I308: =VLOOKUP(A308,'Thuc te theo thang'!$A$4:$I$309,9,FALSE) -> 0 | K308: =H308-I308-J308 -> 0
K309: Nhàn chỉnh

Sheet Thuc te theo thang
A2: Mã số | B2: Tên sản phẩm, khách hàng | C2: Bảo trì | D2: Chênh lệch | F2: Kế hoạch đầu năm | H2: Thực tế Năm | J2: Tháng 01 | L2: Tháng 02 | N2: Tháng 03 | P2: Tháng 04 | R2: Tháng 05 | T2: Tháng 06 | V2: Tháng 07 | X2: Tháng 08 | Z2: Tháng 09 | AB2: Tháng 10 | AD2: Tháng 11 | AF2: Tháng 12
D3: Hợp đồng | E3: Doanh thu | F3: Hợp đồng | G3: Doanh thu | H3: Hợp đồng | I3: Doanh thu | J3: Hợp đồng | K3: Doanh thu | L3: Hợp đồng | M3: Doanh thu | N3: Hợp đồng | O3: Doanh thu | P3: Hợp đồng | Q3: Doanh thu | R3: Hợp đồng | S3: Doanh thu | T3: Hợp đồng | U3: Doanh thu | V3: Hợp đồng | W3: Doanh thu | X3: Hợp đồng | Y3: Doanh thu | Z3: Hợp đồng | AA3: Doanh thu | AB3: Hợp đồng | AC3: Doanh thu | AD3: Hợp đồng | AE3: Doanh thu | AF3: Hợp đồng | AG3: Doanh thu
A4: NHÓM ITO
A5: ITO01 | B5: =VLOOKUP(A5,'TH theo khach hang'!$A$4:$G$309,2,FALSE) -> Hợp đồng Outsource | C5: =IF(VLOOKUP(A5,'TH theo khach hang'!$A$4:$G$309,3,FALSE)=0, "", "x") | D5: =F5-H5 -> 0 | E5: =G5-I5 -> 0 | F5: =VLOOKUP(A5,'TH theo khach hang'!$A$4:$G$309,4,FALSE) -> 0 | G5: =VLOOKUP(A5,'TH theo khach hang'!$A$4:$G$309,5,FALSE) -> 0 | H5: =J5+L5+N5+P5+R5+T5+V5+X5+Z5+AB5+AD5+AF5 -> 0 | I5: =K5+M5+O5+Q5+S5+U5+W5+Y5+AA5+AC5+AE5+AG5 -> 0 | K5: =J5 -> 0 | M5: =L5 -> 0 | O5: =N5 -> 0 | Q5: =P5 -> 0 | S5: =R5 -> 0 | U5: =T5 -> 0 | W5: =V5 -> 0 | Y5: =X5 -> 0 | AA5: =Z5 -> 0 | AC5: =AB5 -> 0 | AE5: =AD5 -> 0 | AF5: 0 | AG5: =AF5 -> 0
A6: NHÓM UNI | J6: =SUM(J7:J106) -> 0 | K6: =SUM(K7:K106) -> 0 | L6: =SUM(L7:L106) -> 0 | M6: =SUM(M7:M106) -> 0 | N6: =SUM(N7:N106) -> 0 | O6: =SUM(O7:O106) -> 0 | P6: =SUM(P7:P106) -> 0 | Q6: =SUM(Q7:Q106) -> 0 | ... AG6: =SUM(AG7:AG106) -> 0
A7: UNI01 | B7: =VLOOKUP(A7,'TH theo khach hang'!$A$4:$C$309,2,FALSE) -> 0 | C7: =IF(VLOOKUP(A7,'TH theo khach hang'!$A$4:$C$309,3,FALSE)=0, "", "x") | D7: =F7-H7 -> 0 | E7: =G7-I7 -> 0 | F7: =VLOOKUP(A7,'TH theo khach hang'!$A$4:$G$309,4,FALSE) -> 0 | G7: =VLOOKUP(A7,'TH theo khach hang'!$A$4:$G$309,5,FALSE) -> 0 | H7: =J7+L7+N7+P7+R7+T7+V7+X7+Z7+AB7+AD7+AF7 -> 0 | I7: =K7+M7+O7+Q7+S7+U7+W7+Y7+AA7+AC7+AE7+AG7 -> 0
A8: UNI02 | B8: =VLOOKUP(A8,'TH theo khach hang'!$A$4:$C$309,2,FALSE) -> 0 | C8: =IF(VLOOKUP(A8,'TH theo khach hang'!$A$4:$C$309,3,FALSE)=0, "", "x") | D8: =F8-H8 -> 0 | E8: =G8-I8 -> 0 | F8: =VLOOKUP(A8,'TH theo khach hang'!$A$4:$G$309,4,FALSE) -> 0 | G8: =VLOOKUP(A8,'TH theo khach hang'!$A$4:$G$309,5,FALSE) -> 0 | H8: =J8+L8+N8+P8+R8+T8+V8+X8+Z8+AB8+AD8+AF8 -> 0 | I8: =K8+M8+O8+Q8+S8+U8+W8+Y8+AA8+AC8+AE8+AG8 -> 0
A9: UNI03 | B9: =VLOOKUP(A9,'TH theo khach hang'!$A$4:$C$309,2,FALSE) -> 0 | C9: =IF(VLOOKUP(A9,'TH theo khach hang'!$A$4:$C$309,3,FALSE)=0, "", "x") | D9: =F9-H9 -> 0 | E9: =G9-I9 -> 0 | F9: =VLOOKUP(A9,'TH theo khach hang'!$A$4:$G$309,4,FALSE) -> 0 | G9: =VLOOKUP(A9,'TH theo khach hang'!$A$4:$G$309,5,FALSE) -> 0 | H9: =J9+L9+N9+P9+R9+T9+V9+X9+Z9+AB9+AD9+AF9 -> 0 | I9: =K9+M9+O9+Q9+S9+U9+W9+Y9+AA9+AC9+AE9+AG9 -> 0
A10: UNI04 | B10: =VLOOKUP(A10,'TH theo khach hang'!$A$4:$C$309,2,FALSE) -> 0 | C10: =IF(VLOOKUP(A10,'TH theo khach hang'!$A$4:$C$309,3,FALSE)=0, "", "x") | D10: =F10-H10 -> 0 | E10: =G10-I10 -> 0 | F10: =VLOOKUP(A10,'TH theo khach hang'!$A$4:$G$309,4,FALSE) -> 0 | G10: =VLOOKUP(A10,'TH theo khach hang'!$A$4:$G$309,5,FALSE) -> 0 | H10: =J10+L10+N10+P10+R10+T10+V10+X10+Z10+AB10+AD10+AF10 -> 0 | I10: =K10+M10+O10+Q10+S10+U10+W10+Y10+AA10+AC10+AE10+AG10 -> 0
A11: UNI05 | B11: =VLOOKUP(A11,'TH theo khach hang'!$A$4:$C$309,2,FALSE) -> 0 | C11: =IF(VLOOKUP(A11,'TH theo khach hang'!$A$4:$C$309,3,FALSE)=0, "", "x") | D11: =F11-H11 -> 0 | E11: =G11-I11 -> 0 | F11: =VLOOKUP(A11,'TH theo khach hang'!$A$4:$G$309,4,FALSE) -> 0 | G11: =VLOOKUP(A11,'TH theo khach hang'!$A$4:$G$309,5,FALSE) -> 0 | H11: =J11+L11+N11+P11+R11+T11+V11+X11+Z11+AB11+AD11+AF11 -> 0 | I11: =K11+M11+O11+Q11+S11+U11+W11+Y11+AA11+AC11+AE11+AG11 -> 0
A12: UNI06 | B12: =VLOOKUP(A12,'TH theo khach hang'!$A$4:$C$309,2,FALSE) -> 0 | C12: =IF(VLOOKUP(A12,'TH theo khach hang'!$A$4:$C$309,3,FALSE)=0, "", "x") | D12: =F12-H12 -> 0 | E12: =G12-I12 -> 0 | F12: =VLOOKUP(A12,'TH theo khach hang'!$A$4:$G$309,4,FALSE) -> 0 | G12: =VLOOKUP(A12,'TH theo khach hang'!$A$4:$G$309,5,FALSE) -> 0 | H12: =J12+L12+N12+P12+R12+T12+V12+X12+Z12+AB12+AD12+AF12 -> 0 | I12: =K12+M12+O12+Q12+S12+U12+W12+Y12+AA12+AC12+AE12+AG12 -> 0
A13: UNI07 | B13: =VLOOKUP(A13,'TH theo khach hang'!$A$4:$C$309,2,FALSE) -> 0 | C13: =IF(VLOOKUP(A13,'TH theo khach hang'!$A$4:$C$309,3,FALSE)=0, "", "x") | D13: =F13-H13 -> 0 | E13: =G13-I13 -> 0 | F13: =VLOOKUP(A13,'TH theo khach hang'!$A$4:$G$309,4,FALSE) -> 0 | G13: =VLOOKUP(A13,'TH theo khach hang'!$A$4:$G$309,5,FALSE) -> 0 | H13: =J13+L13+N13+P13+R13+T13+V13+X13+Z13+AB13+AD13+AF13 -> 0 | I13: =K13+M13+O13+Q13+S13+U13+W13+Y13+AA13+AC13+AE13+AG13 -> 0
A14: UNI08 | B14: =VLOOKUP(A14,'TH theo khach hang'!$A$4:$C$309,2,FALSE) -> 0 | C14: =IF(VLOOKUP(A14,'TH theo khach hang'!$A$4:$C$309,3,FALSE)=0, "", "x") | D14: =F14-H14 -> 0 | E14: =G14-I14 -> 0 | F14: =VLOOKUP(A14,'TH theo khach hang'!$A$4:$G$309,4,FALSE) -> 0 | G14: =VLOOKUP(A14,'TH theo khach hang'!$A$4:$G$309,5,FALSE) -> 0 | H14: =J14+L14+N14+P14+R14+T14+V14+X14+Z14+AB14+AD14+AF14 -> 0 | I14: =K14+M14+O14+Q14+S14+U14+W14+Y14+AA14+AC14+AE14+AG14 -> 0
A15: UNI09 | B15: =VLOOKUP(A15,'TH theo khach hang'!$A$4:$C$309,2,FALSE) -> 0 | C15: =IF(VLOOKUP(A15,'TH theo khach hang'!$A$4:$C$309,3,FALSE)=0, "", "x") | D15: =F15-H15 -> 0 | E15: =G15-I15 -> 0 | F15: =VLOOKUP(A15,'TH theo khach hang'!$A$4:$G$309,4,FALSE) -> 0 | G15: =VLOOKUP(A15,'TH theo khach hang'!$A$4:$G$309,5,FALSE) -> 0 | H15: =J15+L15+N15+P15+R15+T15+V15+X15+Z15+AB15+AD15+AF15 -> 0 | I15: =K15+M15+O15+Q15+S15+U15+W15+Y15+AA15+AC15+AE15+AG15 -> 0
A16: UNI10 | B16: =VLOOKUP(A16,'TH theo khach hang'!$A$4:$C$309,2,FALSE) -> 0 | C16: =IF(VLOOKUP(A16,'TH theo khach hang'!$A$4:$C$309,3,FALSE)=0, "", "x") | D16: =F16-H16 -> 0 | E16: =G16-I16 -> 0 | F16: =VLOOKUP(A16,'TH theo khach hang'!$A$4:$G$309,4,FALSE) -> 0 | G16: =VLOOKUP(A16,'TH theo khach hang'!$A$4:$G$309,5,FALSE) -> 0 | H16: =J16+L16+N16+P16+R16+T16+V16+X16+Z16+AB16+AD16+AF16 -> 0 | I16: =K16+M16+O16+Q16+S16+U16+W16+Y16+AA16+AC16+AE16+AG16 -> 0
A17: UNI11 | B17: =VLOOKUP(A17,'TH theo khach hang'!$A$4:$C$309,2,FALSE) -> 0 | C17: =IF(VLOOKUP(A17,'TH theo khach hang'!$A$4:$C$309,3,FALSE)=0, "", "x") | D17: =F17-H17 -> 0 | E17: =G17-I17 -> 0 | F17: =VLOOKUP(A17,'TH theo khach hang'!$A$4:$G$309,4,FALSE) -> 0 | G17: =VLOOKUP(A17,'TH theo khach hang'!$A$4:$G$309,5,FALSE) -> 0 | H17: =J17+L17+N17+P17+R17+T17+V17+X17+Z17+AB17+AD17+AF17 -> 0 | I17: =K17+M17+O17+Q17+S17+U17+W17+Y17+AA17+AC17+AE17+AG17 -> 0
A18: UNI12 | B18: =VLOOKUP(A18,'TH theo khach hang'!$A$4:$C$309,2,FALSE) -> 0 | C18: =IF(VLOOKUP(A18,'TH theo khach hang'!$A$4:$C$309,3,FALSE)=0, "", "x") | D18: =F18-H18 -> 0 | E18: =G18-I18 -> 0 | F18: =VLOOKUP(A18,'TH theo khach hang'!$A$4:$G$309,4,FALSE) -> 0 | G18: =VLOOKUP(A18,'TH theo khach hang'!$A$4:$G$309,5,FALSE) -> 0 | H18: =J18+L18+N18+P18+R18+T18+V18+X18+Z18+AB18+AD18+AF18 -> 0 | I18: =K18+M18+O18+Q18+S18+U18+W18+Y18+AA18+AC18+AE18+AG18 -> 0
... A106: UNI100 | B106: =VLOOKUP(A106,'TH theo khach hang'!$A$4:$C$309,2,FALSE) -> Chuyển doanh thu từ ITO | C106: =IF(VLOOKUP(A106,'TH theo khach hang'!$A$4:$C$309,3,FALSE)=0, "", "x") | D106: =F106-H106 -> 0 | E106: =G106-I106 -> 0 | F106: =VLOOKUP(A106,'TH theo khach hang'!$A$4:$G$309,4,FALSE) -> 0 | G106: =VLOOKUP(A106,'TH theo khach hang'!$A$4:$G$309,5,FALSE) -> 0 | H106: =J106+L106+N106+P106+R106+T106+V106+X106+Z106+AB106+AD106+AF106 -> 0 | I106: =K106+M106+O106+Q106+S106+U106+W106+Y106+AA106+AC106+AE106+AG106 -> 0
A107: NHÓM BIZ
A108: BIZ01 | B108: =VLOOKUP(A108,'TH theo khach hang'!$A$4:$C$309,2,FALSE) -> 0 | C108: =IF(VLOOKUP(A108,'TH theo khach hang'!$A$4:$C$309,3,FALSE)=0, "", "x") | D108: =F108-H108 -> 0 | E108: =G108-I108 -> 0 | F108: =VLOOKUP(A108,'TH theo khach hang'!$A$4:$G$309,4,FALSE) -> 0 | G108: =VLOOKUP(A108,'TH theo khach hang'!$A$4:$G$309,5,FALSE) -> 0 | H108: =J108+L108+N108+P108+R108+T108+V108+X108+Z108+AB108+AD108+AF108 -> 0 | I108: =K108+M108+O108+Q108+S108+U108+W108+Y108+AA108+AC108+AE108+AG108 -> 0 | J108: 0 | K108: 0 | L108: 0 | M108: 0 | N108: 0 | O108: 0 | P108: 0 | Q108: 0 | R108: 0 | S108: 0 | T108: 0 | U108: 0 | V108: 0 | W108: 0 | X108: 0 | Y108: 0 | Z108: 0 | AA108: 0 | AB108: 0 | AC108: 0 | AD108: 0 | AE108: 0 | AF108: 0 | AG108: 0
A109: BIZ02 | B109: =VLOOKUP(A109,'TH theo khach hang'!$A$4:$C$309,2,FALSE) -> 0 | C109: =IF(VLOOKUP(A109,'TH theo khach hang'!$A$4:$C$309,3,FALSE)=0, "", "x") | D109: =F109-H109 -> 0 | E109: =G109-I109 -> 0 | F109: =VLOOKUP(A109,'TH theo khach hang'!$A$4:$G$309,4,FALSE) -> 0 | G109: =VLOOKUP(A109,'TH theo khach hang'!$A$4:$G$309,5,FALSE) -> 0 | H109: =J109+L109+N109+P109+R109+T109+V109+X109+Z109+AB109+AD109+AF109 -> 0 | I109: =K109+M109+O109+Q109+S109+U109+W109+Y109+AA109+AC109+AE109+AG109 -> 0 | J109: 0 | K109: 0 | L109: 0 | M109: 0 | N109: 0 | O109: 0 | P109: 0 | Q109: 0 | R109: 0 | S109: 0 | T109: 0 | U109: 0 | V109: 0 | W109: 0 | X109: 0 | Y109: 0 | Z109: 0 | AA109: 0 | AB109: 0 | AC109: 0 | AD109: 0 | AE109: 0 | AF109: 0 | AG109: 0
A110: BIZ03 | B110: =VLOOKUP(A110,'TH theo khach hang'!$A$4:$C$309,2,FALSE) -> 0 | C110: =IF(VLOOKUP(A110,'TH theo khach hang'!$A$4:$C$309,3,FALSE)=0, "", "x") | D110: =F110-H110 -> 0 | E110: =G110-I110 -> 0 | F110: =VLOOKUP(A110,'TH theo khach hang'!$A$4:$G$309,4,FALSE) -> 0 | G110: =VLOOKUP(A110,'TH theo khach hang'!$A$4:$G$309,5,FALSE) -> 0 | H110: =J110+L110+N110+P110+R110+T110+V110+X110+Z110+AB110+AD110+AF110 -> 0 | I110: =K110+M110+O110+Q110+S110+U110+W110+Y110+AA110+AC110+AE110+AG110 -> 0 | J110: 0 | K110: 0 | L110: 0 | M110: 0 | N110: 0 | O110: 0 | P110: 0 | Q110: 0 | R110: 0 | S110: 0 | T110: 0 | U110: 0 | V110: 0 | W110: 0 | X110: 0 | Y110: 0 | Z110: 0 | AA110: 0 | AB110: 0 | AC110: 0 | AD110: 0 | AE110: 0 | AF110: 0 | AG110: 0
A111: BIZ04 | B111: =VLOOKUP(A111,'TH theo khach hang'!$A$4:$C$309,2,FALSE) -> 0 | C111: =IF(VLOOKUP(A111,'TH theo khach hang'!$A$4:$C$309,3,FALSE)=0, "", "x") | D111: =F111-H111 -> 0 | E111: =G111-I111 -> 0 | F111: =VLOOKUP(A111,'TH theo khach hang'!$A$4:$G$309,4,FALSE) -> 0 | G111: =VLOOKUP(A111,'TH theo khach hang'!$A$4:$G$309,5,FALSE) -> 0 | H111: =J111+L111+N111+P111+R111+T111+V111+X111+Z111+AB111+AD111+AF111 -> 0 | I111: =K111+M111+O111+Q111+S111+U111+W111+Y111+AA111+AC111+AE111+AG111 -> 0 | J111: 0 | K111: 0 | L111: 0 | M111: 0 | N111: 0 | O111: 0 | P111: 0 | Q111: 0 | R111: 0 | S111: 0 | T111: 0 | U111: 0 | V111: 0 | W111: 0 | X111: 0 | Y111: 0 | Z111: 0 | AA111: 0 | AB111: 0 | AC111: 0 | AD111: 0 | AE111: 0 | AF111: 0 | AG111: 0
A112: BIZ05 | B112: =VLOOKUP(A112,'TH theo khach hang'!$A$4:$C$309,2,FALSE) -> 0 | C112: =IF(VLOOKUP(A112,'TH theo khach hang'!$A$4:$C$309,3,FALSE)=0, "", "x") | D112: =F112-H112 -> 0 | E112: =G112-I112 -> 0 | F112: =VLOOKUP(A112,'TH theo khach hang'!$A$4:$G$309,4,FALSE) -> 0 | G112: =VLOOKUP(A112,'TH theo khach hang'!$A$4:$G$309,5,FALSE) -> 0 | H112: =J112+L112+N112+P112+R112+T112+V112+X112+Z112+AB112+AD112+AF112 -> 0 | I112: =K112+M112+O112+Q112+S112+U112+W112+Y112+AA112+AC112+AE112+AG112 -> 0 | J112: 0 | K112: 0 | L112: 0 | M112: 0 | N112: 0 | O112: 0 | P112: 0 | Q112: 0 | R112: 0 | S112: 0 | T112: 0 | U112: 0 | V112: 0 | W112: 0 | X112: 0 | Y112: 0 | Z112: 0 | AA112: 0 | AB112: 0 | AC112: 0 | AD112: 0 | AE112: 0 | AF112: 0 | AG112: 0
A113: BIZ06 | B113: =VLOOKUP(A113,'TH theo khach hang'!$A$4:$C$309,2,FALSE) -> 0 | C113: =IF(VLOOKUP(A113,'TH theo khach hang'!$A$4:$C$309,3,FALSE)=0, "", "x") | D113: =F113-H113 -> 0 | E113: =G113-I113 -> 0 | F113: =VLOOKUP(A113,'TH theo khach hang'!$A$4:$G$309,4,FALSE) -> 0 | G113: =VLOOKUP(A113,'TH theo khach hang'!$A$4:$G$309,5,FALSE) -> 0 | H113: =J113+L113+N113+P113+R113+T113+V113+X113+Z113+AB113+AD113+AF113 -> 0 | I113: =K113+M113+O113+Q113+S113+U113+W113+Y113+AA113+AC113+AE113+AG113 -> 0 | J113: 0 | K113: 0 | L113: 0 | M113: 0 | N113: 0 | O113: 0 | P113: 0 | Q113: 0 | R113: 0 | S113: 0 | T113: 0 | U113: 0 | V113: 0 | W113: 0 | X113: 0 | Y113: 0 | Z113: 0 | AA113: 0 | AB113: 0 | AC113: 0 | AD113: 0 | AE113: 0 | AF113: 0 | AG113: 0
A114: BIZ07 | B114: =VLOOKUP(A114,'TH theo khach hang'!$A$4:$C$309,2,FALSE) -> 0 | C114: =IF(VLOOKUP(A114,'TH theo khach hang'!$A$4:$C$309,3,FALSE)=0, "", "x") | D114: =F114-H114 -> 0 | E114: =G114-I114 -> 0 | F114: =VLOOKUP(A114,'TH theo khach hang'!$A$4:$G$309,4,FALSE) -> 0 | G114: =VLOOKUP(A114,'TH theo khach hang'!$A$4:$G$309,5,FALSE) -> 0 | H114: =J114+L114+N114+P114+R114+T114+V114+X114+Z114+AB114+AD114+AF114 -> 0 | I114: =K114+M114+O114+Q114+S114+U114+W114+Y114+AA114+AC114+AE114+AG114 -> 0 | J114: 0 | K114: 0 | L114: 0 | M114: 0 | N114: 0 | O114: 0 | P114: 0 | Q114: 0 | R114: 0 | S114: 0 | T114: 0 | U114: 0 | V114: 0 | W114: 0 | X114: 0 | Y114: 0 | Z114: 0 | AA114: 0 | AB114: 0 | AC114: 0 | AD114: 0 | AE114: 0 | AF114: 0 | AG114: 0
A115: BIZ08 | B115: =VLOOKUP(A115,'TH theo khach hang'!$A$4:$C$309,2,FALSE) -> 0 | C115: =IF(VLOOKUP(A115,'TH theo khach hang'!$A$4:$C$309,3,FALSE)=0, "", "x") | D115: =F115-H115 -> 0 | E115: =G115-I115 -> 0 | F115: =VLOOKUP(A115,'TH theo khach hang'!$A$4:$G$309,4,FALSE) -> 0 | G115: =VLOOKUP(A115,'TH theo khach hang'!$A$4:$G$309,5,FALSE) -> 0 | H115: =J115+L115+N115+P115+R115+T115+V115+X115+Z115+AB115+AD115+AF115 -> 0 | I115: =K115+M115+O115+Q115+S115+U115+W115+Y115+AA115+AC115+AE115+AG115 -> 0 | J115: 0 | K115: 0 | L115: 0 | M115: 0 | N115: 0 | O115: 0 | P115: 0 | Q115: 0 | R115: 0 | S115: 0 | T115: 0 | U115: 0 | V115: 0 | W115: 0 | X115: 0 | Y115: 0 | Z115: 0 | AA115: 0 | AB115: 0 | AC115: 0 | AD115: 0 | AE115: 0 | AF115: 0 | AG115: 0
A116: BIZ09 | B116: =VLOOKUP(A116,'TH theo khach hang'!$A$4:$C$309,2,FALSE) -> 0 | C116: =IF(VLOOKUP(A116,'TH theo khach hang'!$A$4:$C$309,3,FALSE)=0, "", "x") | D116: =F116-H116 -> 0 | E116: =G116-I116 -> 0 | F116: =VLOOKUP(A116,'TH theo khach hang'!$A$4:$G$309,4,FALSE) -> 0 | G116: =VLOOKUP(A116,'TH theo khach hang'!$A$4:$G$309,5,FALSE) -> 0 | H116: =J116+L116+N116+P116+R116+T116+V116+X116+Z116+AB116+AD116+AF116 -> 0 | I116: =K116+M116+O116+Q116+S116+U116+W116+Y116+AA116+AC116+AE116+AG116 -> 0 | J116: 0 | K116: 0 | L116: 0 | M116: 0 | N116: 0 | O116: 0 | P116: 0 | Q116: 0 | R116: 0 | S116: 0 | T116: 0 | U116: 0 | V116: 0 | W116: 0 | X116: 0 | Y116: 0 | Z116: 0 | AA116: 0 | AB116: 0 | AC116: 0 | AD116: 0 | AE116: 0 | AF116: 0 | AG116: 0
A117: BIZ10 | B117: =VLOOKUP(A117,'TH theo khach hang'!$A$4:$C$309,2,FALSE) -> 0 | C117: =IF(VLOOKUP(A117,'TH theo khach hang'!$A$4:$C$309,3,FALSE)=0, "", "x") | D117: =F117-H117 -> 0 | E117: =G117-I117 -> 0 | F117: =VLOOKUP(A117,'TH theo khach hang'!$A$4:$G$309,4,FALSE) -> 0 | G117: =VLOOKUP(A117,'TH theo khach hang'!$A$4:$G$309,5,FALSE) -> 0 | H117: =J117+L117+N117+P117+R117+T117+V117+X117+Z117+AB117+AD117+AF117 -> 0 | I117: =K117+M117+O117+Q117+S117+U117+W117+Y117+AA117+AC117+AE117+AG117 -> 0 | J117: 0 | K117: 0 | L117: 0 | M117: 0 | N117: 0 | O117: 0 | P117: 0 | Q117: 0 | R117: 0 | S117: 0 | T117: 0 | U117: 0 | V117: 0 | W117: 0 | X117: 0 | Y117: 0 | Z117: 0 | AA117: 0 | AB117: 0 | AC117: 0 | AD117: 0 | AE117: 0 | AF117: 0 | AG117: 0
A118: BIZ11 | B118: =VLOOKUP(A118,'TH theo khach hang'!$A$4:$C$309,2,FALSE) -> 0 | C118: =IF(VLOOKUP(A118,'TH theo khach hang'!$A$4:$C$309,3,FALSE)=0, "", "x") | D118: =F118-H118 -> 0 | E118: =G118-I118 -> 0 | F118: =VLOOKUP(A118,'TH theo khach hang'!$A$4:$G$309,4,FALSE) -> 0 | G118: =VLOOKUP(A118,'TH theo khach hang'!$A$4:$G$309,5,FALSE) -> 0 | H118: =J118+L118+N118+P118+R118+T118+V118+X118+Z118+AB118+AD118+AF118 -> 0 | I118: =K118+M118+O118+Q118+S118+U118+W118+Y118+AA118+AC118+AE118+AG118 -> 0 | J118: 0 | K118: 0 | L118: 0 | M118: 0 | N118: 0 | O118: 0 | P118: 0 | Q118: 0 | R118: 0 | S118: 0 | T118: 0 | U118: 0 | V118: 0 | W118: 0 | X118: 0 | Y118: 0 | Z118: 0 | AA118: 0 | AB118: 0 | AC118: 0 | AD118: 0 | AE118: 0 | AF118: 0 | AG118: 0
A119: BIZ12 | B119: =VLOOKUP(A119,'TH theo khach hang'!$A$4:$C$309,2,FALSE) -> 0 | C119: =IF(VLOOKUP(A119,'TH theo khach hang'!$A$4:$C$309,3,FALSE)=0, "", "x") | D119: =F119-H119 -> 0 | E119: =G119-I119 -> 0 | F119: =VLOOKUP(A119,'TH theo khach hang'!$A$4:$G$309,4,FALSE) -> 0 | G119: =VLOOKUP(A119,'TH theo khach hang'!$A$4:$G$309,5,FALSE) -> 0 | H119: =J119+L119+N119+P119+R119+T119+V119+X119+Z119+AB119+AD119+AF119 -> 0 | I119: =K119+M119+O119+Q119+S119+U119+W119+Y119+AA119+AC119+AE119+AG119 -> 0 | J119: 0 | K119: 0 | L119: 0 | M119: 0 | N119: 0 | O119: 0 | P119: 0 | Q119: 0 | R119: 0 | S119: 0 | T119: 0 | U119: 0 | V119: 0 | W119: 0 | X119: 0 | Y119: 0 | Z119: 0 | AA119: 0 | AB119: 0 | AC119: 0 | AD119: 0 | AE119: 0 | AF119: 0 | AG119: 0
... A207: BIZ100 | B207: =VLOOKUP(A207,'TH theo khach hang'!$A$4:$C$309,2,FALSE) -> 0 | C207: =IF(VLOOKUP(A207,'TH theo khach hang'!$A$4:$C$309,3,FALSE)=0, "", "x") | D207: =F207-H207 -> 0 | E207: =G207-I207 -> 0 | F207: =VLOOKUP(A207,'TH theo khach hang'!$A$4:$G$309,4,FALSE) -> 0 | G207: =VLOOKUP(A207,'TH theo khach hang'!$A$4:$G$309,5,FALSE) -> 0 | H207: =J207+L207+N207+P207+R207+T207+V207+X207+Z207+AB207+AD207+AF207 -> 0 | I207: =K207+M207+O207+Q207+S207+U207+W207+Y207+AA207+AC207+AE207+AG207 -> 0 | J207: 0 | K207: 0 | L207: 0 | M207: 0 | N207: 0 | O207: 0 | P207: 0 | Q207: 0 | R207: 0 | S207: 0 | T207: 0 | U207: 0 | V207: 0 | W207: 0 | X207: 0 | Y207: 0 | Z207: 0 | AA207: 0 | AB207: 0 | AC207: 0 | AD207: 0 | AE207: 0 | AF207: 0 | AG207: 0
A208: NHÓM G2B | J208: =SUM(J209:J308) -> 0 | K208: =SUM(K209:K308) -> 0 | L208: =SUM(L209:L308) -> 0 | M208: =SUM(M209:M308) -> 0 | N208: =SUM(N209:N308) -> 0 | O208: =SUM(O209:O308) -> 0 | P208: =SUM(P209:P308) -> 0 | Q208: =SUM(Q209:Q308) -> 0 | ... AG208: =SUM(AG209:AG308) -> 0
A209: G2B01 | B209: =VLOOKUP(A209,'TH theo khach hang'!$A$4:$C$309,2,FALSE) -> 0 | C209: =IF(VLOOKUP(A209,'TH theo khach hang'!$A$4:$C$309,3,FALSE)=0, "", "x") | D209: =F209-H209 -> 0 | E209: =G209-I209 -> 0 | F209: =VLOOKUP(A209,'TH theo khach hang'!$A$4:$G$309,4,FALSE) -> 0 | G209: =VLOOKUP(A209,'TH theo khach hang'!$A$4:$G$309,5,FALSE) -> 0 | H209: =J209+L209+N209+P209+R209+T209+V209+X209+Z209+AB209+AD209+AF209 -> 0 | I209: =K209+M209+O209+Q209+S209+U209+W209+Y209+AA209+AC209+AE209+AG209 -> 0
A210: G2B02 | B210: =VLOOKUP(A210,'TH theo khach hang'!$A$4:$C$309,2,FALSE) -> 0 | C210: =IF(VLOOKUP(A210,'TH theo khach hang'!$A$4:$C$309,3,FALSE)=0, "", "x") | D210: =F210-H210 -> 0 | E210: =G210-I210 -> 0 | F210: =VLOOKUP(A210,'TH theo khach hang'!$A$4:$G$309,4,FALSE) -> 0 | G210: =VLOOKUP(A210,'TH theo khach hang'!$A$4:$G$309,5,FALSE) -> 0 | H210: =J210+L210+N210+P210+R210+T210+V210+X210+Z210+AB210+AD210+AF210 -> 0 | I210: =K210+M210+O210+Q210+S210+U210+W210+Y210+AA210+AC210+AE210+AG210 -> 0
A211: G2B03 | B211: =VLOOKUP(A211,'TH theo khach hang'!$A$4:$C$309,2,FALSE) -> 0 | C211: =IF(VLOOKUP(A211,'TH theo khach hang'!$A$4:$C$309,3,FALSE)=0, "", "x") | D211: =F211-H211 -> 0 | E211: =G211-I211 -> 0 | F211: =VLOOKUP(A211,'TH theo khach hang'!$A$4:$G$309,4,FALSE) -> 0 | G211: =VLOOKUP(A211,'TH theo khach hang'!$A$4:$G$309,5,FALSE) -> 0 | H211: =J211+L211+N211+P211+R211+T211+V211+X211+Z211+AB211+AD211+AF211 -> 0 | I211: =K211+M211+O211+Q211+S211+U211+W211+Y211+AA211+AC211+AE211+AG211 -> 0
A212: G2B04 | B212: =VLOOKUP(A212,'TH theo khach hang'!$A$4:$C$309,2,FALSE) -> 0 | C212: =IF(VLOOKUP(A212,'TH theo khach hang'!$A$4:$C$309,3,FALSE)=0, "", "x") | D212: =F212-H212 -> 0 | E212: =G212-I212 -> 0 | F212: =VLOOKUP(A212,'TH theo khach hang'!$A$4:$G$309,4,FALSE) -> 0 | G212: =VLOOKUP(A212,'TH theo khach hang'!$A$4:$G$309,5,FALSE) -> 0 | H212: =J212+L212+N212+P212+R212+T212+V212+X212+Z212+AB212+AD212+AF212 -> 0 | I212: =K212+M212+O212+Q212+S212+U212+W212+Y212+AA212+AC212+AE212+AG212 -> 0
A213: G2B05 | B213: =VLOOKUP(A213,'TH theo khach hang'!$A$4:$C$309,2,FALSE) -> 0 | C213: =IF(VLOOKUP(A213,'TH theo khach hang'!$A$4:$C$309,3,FALSE)=0, "", "x") | D213: =F213-H213 -> 0 | E213: =G213-I213 -> 0 | F213: =VLOOKUP(A213,'TH theo khach hang'!$A$4:$G$309,4,FALSE) -> 0 | G213: =VLOOKUP(A213,'TH theo khach hang'!$A$4:$G$309,5,FALSE) -> 0 | H213: =J213+L213+N213+P213+R213+T213+V213+X213+Z213+AB213+AD213+AF213 -> 0 | I213: =K213+M213+O213+Q213+S213+U213+W213+Y213+AA213+AC213+AE213+AG213 -> 0
A214: G2B06 | B214: =VLOOKUP(A214,'TH theo khach hang'!$A$4:$C$309,2,FALSE) -> 0 | C214: =IF(VLOOKUP(A214,'TH theo khach hang'!$A$4:$C$309,3,FALSE)=0, "", "x") | D214: =F214-H214 -> 0 | E214: =G214-I214 -> 0 | F214: =VLOOKUP(A214,'TH theo khach hang'!$A$4:$G$309,4,FALSE) -> 0 | G214: =VLOOKUP(A214,'TH theo khach hang'!$A$4:$G$309,5,FALSE) -> 0 | H214: =J214+L214+N214+P214+R214+T214+V214+X214+Z214+AB214+AD214+AF214 -> 0 | I214: =K214+M214+O214+Q214+S214+U214+W214+Y214+AA214+AC214+AE214+AG214 -> 0
A215: G2B07 | B215: =VLOOKUP(A215,'TH theo khach hang'!$A$4:$C$309,2,FALSE) -> 0 | C215: =IF(VLOOKUP(A215,'TH theo khach hang'!$A$4:$C$309,3,FALSE)=0, "", "x") | D215: =F215-H215 -> 0 | E215: =G215-I215 -> 0 | F215: =VLOOKUP(A215,'TH theo khach hang'!$A$4:$G$309,4,FALSE) -> 0 | G215: =VLOOKUP(A215,'TH theo khach hang'!$A$4:$G$309,5,FALSE) -> 0 | H215: =J215+L215+N215+P215+R215+T215+V215+X215+Z215+AB215+AD215+AF215 -> 0 | I215: =K215+M215+O215+Q215+S215+U215+W215+Y215+AA215+AC215+AE215+AG215 -> 0
A216: G2B08 | B216: =VLOOKUP(A216,'TH theo khach hang'!$A$4:$C$309,2,FALSE) -> 0 | C216: =IF(VLOOKUP(A216,'TH theo khach hang'!$A$4:$C$309,3,FALSE)=0, "", "x") | D216: =F216-H216 -> 0 | E216: =G216-I216 -> 0 | F216: =VLOOKUP(A216,'TH theo khach hang'!$A$4:$G$309,4,FALSE) -> 0 | G216: =VLOOKUP(A216,'TH theo khach hang'!$A$4:$G$309,5,FALSE) -> 0 | H216: =J216+L216+N216+P216+R216+T216+V216+X216+Z216+AB216+AD216+AF216 -> 0 | I216: =K216+M216+O216+Q216+S216+U216+W216+Y216+AA216+AC216+AE216+AG216 -> 0
A217: G2B09 | B217: =VLOOKUP(A217,'TH theo khach hang'!$A$4:$C$309,2,FALSE) -> 0 | C217: =IF(VLOOKUP(A217,'TH theo khach hang'!$A$4:$C$309,3,FALSE)=0, "", "x") | D217: =F217-H217 -> 0 | E217: =G217-I217 -> 0 | F217: =VLOOKUP(A217,'TH theo khach hang'!$A$4:$G$309,4,FALSE) -> 0 | G217: =VLOOKUP(A217,'TH theo khach hang'!$A$4:$G$309,5,FALSE) -> 0 | H217: =J217+L217+N217+P217+R217+T217+V217+X217+Z217+AB217+AD217+AF217 -> 0 | I217: =K217+M217+O217+Q217+S217+U217+W217+Y217+AA217+AC217+AE217+AG217 -> 0
A218: G2B10 | B218: =VLOOKUP(A218,'TH theo khach hang'!$A$4:$C$309,2,FALSE) -> 0 | C218: =IF(VLOOKUP(A218,'TH theo khach hang'!$A$4:$C$309,3,FALSE)=0, "", "x") | D218: =F218-H218 -> 0 | E218: =G218-I218 -> 0 | F218: =VLOOKUP(A218,'TH theo khach hang'!$A$4:$G$309,4,FALSE) -> 0 | G218: =VLOOKUP(A218,'TH theo khach hang'!$A$4:$G$309,5,FALSE) -> 0 | H218: =J218+L218+N218+P218+R218+T218+V218+X218+Z218+AB218+AD218+AF218 -> 0 | I218: =K218+M218+O218+Q218+S218+U218+W218+Y218+AA218+AC218+AE218+AG218 -> 0
A219: G2B11 | B219: =VLOOKUP(A219,'TH theo khach hang'!$A$4:$C$309,2,FALSE) -> 0 | C219: =IF(VLOOKUP(A219,'TH theo khach hang'!$A$4:$C$309,3,FALSE)=0, "", "x") | D219: =F219-H219 -> 0 | E219: =G219-I219 -> 0 | F219: =VLOOKUP(A219,'TH theo khach hang'!$A$4:$G$309,4,FALSE) -> 0 | G219: =VLOOKUP(A219,'TH theo khach hang'!$A$4:$G$309,5,FALSE) -> 0 | H219: =J219+L219+N219+P219+R219+T219+V219+X219+Z219+AB219+AD219+AF219 -> 0 | I219: =K219+M219+O219+Q219+S219+U219+W219+Y219+AA219+AC219+AE219+AG219 -> 0
A220: G2B12 | B220: =VLOOKUP(A220,'TH theo khach hang'!$A$4:$C$309,2,FALSE) -> 0 | C220: =IF(VLOOKUP(A220,'TH theo khach hang'!$A$4:$C$309,3,FALSE)=0, "", "x") | D220: =F220-H220 -> 0 | E220: =G220-I220 -> 0 | F220: =VLOOKUP(A220,'TH theo khach hang'!$A$4:$G$309,4,FALSE) -> 0 | G220: =VLOOKUP(A220,'TH theo khach hang'!$A$4:$G$309,5,FALSE) -> 0 | H220: =J220+L220+N220+P220+R220+T220+V220+X220+Z220+AB220+AD220+AF220 -> 0 | I220: =K220+M220+O220+Q220+S220+U220+W220+Y220+AA220+AC220+AE220+AG220 -> 0
... A308: G2B100 | B308: =VLOOKUP(A308,'TH theo khach hang'!$A$4:$C$309,2,FALSE) -> Chuyển doanh thu từ ITO | C308: =IF(VLOOKUP(A308,'TH theo khach hang'!$A$4:$C$309,3,FALSE)=0, "", "x") | D308: =F308-H308 -> 0 | E308: =G308-I308 -> 0 | F308: =VLOOKUP(A308,'TH theo khach hang'!$A$4:$G$309,4,FALSE) -> 0 | G308: =VLOOKUP(A308,'TH theo khach hang'!$A$4:$G$309,5,FALSE) -> 0 | H308: =J308+L308+N308+P308+R308+T308+V308+X308+Z308+AB308+AD308+AF308 -> 0 | I308: =K308+M308+O308+Q308+S308+U308+W308+Y308+AA308+AC308+AE308+AG308 -> 0

Sheet KH hieu chinh
A2: HỢP ĐỒNG
C3: KH HĐ ĐIỀU CHỈNH | E3: UNI | H3: G2B | L3: NHÓM ITO | M3: ĐIỀU CHỈNH
A4: TT | B4: Tháng | C4: UNI | D4: G2B | E4: Mức 1: Đạt 80-100% | F4: Mức 2: Đạt 50-79% | G4: Mức 3: Dưới 50% | H4: Mức 1: Đạt 80-100% | I4: Mức 2: Đạt 50-79% | J4: Mức 3: Dưới 50% | M4: HỢP ĐỒNG | N4: DOANH THU
A5: 1 | B5: Tháng 01 | C5: =SUM(E5:G5) -> 0 | D5: =SUM(H5:J5) -> 0 | E5: =SUMIFS(Vtiger!$F$2:$F$418,Vtiger!$E$2:$E$418,B5,Vtiger!$A$2:$A$418,"UNI",Vtiger!$G$2:$G$418,$E$4) -> 0 | F5: =SUMIFS(Vtiger!$F$2:$F$418,Vtiger!$E$2:$E$418,B5,Vtiger!$A$2:$A$418,"UNI",Vtiger!$G$2:$G$418,$F$4) -> 0 | G5: =SUMIFS(Vtiger!$F$2:$F$418,Vtiger!$E$2:$E$418,B5,Vtiger!$A$2:$A$418,"UNI",Vtiger!$G$2:$G$418,$G$4) -> 0 | H5: =SUMIFS(Vtiger!$F$2:$F$418,Vtiger!$E$2:$E$418,B5,Vtiger!$A$2:$A$418,"G2B",Vtiger!$G$2:$G$418,$H$4) -> 0 | I5: =SUMIFS(Vtiger!$F$2:$F$418,Vtiger!$E$2:$E$418,B5,Vtiger!$A$2:$A$418,"G2B",Vtiger!$G$2:$G$418,$I$4) -> 0 | J5: =SUMIFS(Vtiger!$F$2:$F$418,Vtiger!$E$2:$E$418,B5,Vtiger!$A$2:$A$418,"G2B",Vtiger!$G$2:$G$418,$J$4) -> 0 | L5: Tháng 01 | N5: =M5 -> 0
A6: 2 | B6: Tháng 02 | C6: =SUM(E6:G6) -> 0 | D6: =SUM(H6:J6) -> 0 | E6: =SUMIFS(Vtiger!$F$2:$F$418,Vtiger!$E$2:$E$418,B6,Vtiger!$A$2:$A$418,"UNI",Vtiger!$G$2:$G$418,$E$4) -> 0 | F6: =SUMIFS(Vtiger!$F$2:$F$418,Vtiger!$E$2:$E$418,B6,Vtiger!$A$2:$A$418,"UNI",Vtiger!$G$2:$G$418,$F$4) -> 0 | G6: =SUMIFS(Vtiger!$F$2:$F$418,Vtiger!$E$2:$E$418,B6,Vtiger!$A$2:$A$418,"UNI",Vtiger!$G$2:$G$418,$G$4) -> 0 | H6: =SUMIFS(Vtiger!$F$2:$F$418,Vtiger!$E$2:$E$418,B6,Vtiger!$A$2:$A$418,"G2B",Vtiger!$G$2:$G$418,$H$4) -> 0 | I6: =SUMIFS(Vtiger!$F$2:$F$418,Vtiger!$E$2:$E$418,B6,Vtiger!$A$2:$A$418,"G2B",Vtiger!$G$2:$G$418,$I$4) -> 0 | J6: =SUMIFS(Vtiger!$F$2:$F$418,Vtiger!$E$2:$E$418,B6,Vtiger!$A$2:$A$418,"G2B",Vtiger!$G$2:$G$418,$J$4) -> 0 | L6: Tháng 02 | N6: =M6 -> 0
A7: 3 | B7: Tháng 03 | C7: =SUM(E7:G7) -> 0 | D7: =SUM(H7:J7) -> 0 | E7: =SUMIFS(Vtiger!$F$2:$F$418,Vtiger!$E$2:$E$418,B7,Vtiger!$A$2:$A$418,"UNI",Vtiger!$G$2:$G$418,$E$4) -> 0 | F7: =SUMIFS(Vtiger!$F$2:$F$418,Vtiger!$E$2:$E$418,B7,Vtiger!$A$2:$A$418,"UNI",Vtiger!$G$2:$G$418,$F$4) -> 0 | G7: =SUMIFS(Vtiger!$F$2:$F$418,Vtiger!$E$2:$E$418,B7,Vtiger!$A$2:$A$418,"UNI",Vtiger!$G$2:$G$418,$G$4) -> 0 | H7: =SUMIFS(Vtiger!$F$2:$F$418,Vtiger!$E$2:$E$418,B7,Vtiger!$A$2:$A$418,"G2B",Vtiger!$G$2:$G$418,$H$4) -> 0 | I7: =SUMIFS(Vtiger!$F$2:$F$418,Vtiger!$E$2:$E$418,B7,Vtiger!$A$2:$A$418,"G2B",Vtiger!$G$2:$G$418,$I$4) -> 0 | J7: =SUMIFS(Vtiger!$F$2:$F$418,Vtiger!$E$2:$E$418,B7,Vtiger!$A$2:$A$418,"G2B",Vtiger!$G$2:$G$418,$J$4) -> 0 | L7: Tháng 03 | N7: =M7 -> 0
A8: 4 | B8: Tháng 04 | C8: =SUM(E8:G8) -> 0 | D8: =SUM(H8:J8) -> 0 | E8: =SUMIFS(Vtiger!$F$2:$F$418,Vtiger!$E$2:$E$418,B8,Vtiger!$A$2:$A$418,"UNI",Vtiger!$G$2:$G$418,$E$4) -> 0 | F8: =SUMIFS(Vtiger!$F$2:$F$418,Vtiger!$E$2:$E$418,B8,Vtiger!$A$2:$A$418,"UNI",Vtiger!$G$2:$G$418,$F$4) -> 0 | G8: =SUMIFS(Vtiger!$F$2:$F$418,Vtiger!$E$2:$E$418,B8,Vtiger!$A$2:$A$418,"UNI",Vtiger!$G$2:$G$418,$G$4) -> 0 | H8: =SUMIFS(Vtiger!$F$2:$F$418,Vtiger!$E$2:$E$418,B8,Vtiger!$A$2:$A$418,"G2B",Vtiger!$G$2:$G$418,$H$4) -> 0 | I8: =SUMIFS(Vtiger!$F$2:$F$418,Vtiger!$E$2:$E$418,B8,Vtiger!$A$2:$A$418,"G2B",Vtiger!$G$2:$G$418,$I$4) -> 0 | J8: =SUMIFS(Vtiger!$F$2:$F$418,Vtiger!$E$2:$E$418,B8,Vtiger!$A$2:$A$418,"G2B",Vtiger!$G$2:$G$418,$J$4) -> 0 | L8: Tháng 04 | N8: =M8 -> 0
A9: 5 | B9: Tháng 05 | C9: =SUM(E9:G9) -> 0 | D9: =SUM(H9:J9) -> 0 | E9: =SUMIFS(Vtiger!$F$2:$F$418,Vtiger!$E$2:$E$418,B9,Vtiger!$A$2:$A$418,"UNI",Vtiger!$G$2:$G$418,$E$4) -> 0 | F9: =SUMIFS(Vtiger!$F$2:$F$418,Vtiger!$E$2:$E$418,B9,Vtiger!$A$2:$A$418,"UNI",Vtiger!$G$2:$G$418,$F$4) -> 0 | G9: =SUMIFS(Vtiger!$F$2:$F$418,Vtiger!$E$2:$E$418,B9,Vtiger!$A$2:$A$418,"UNI",Vtiger!$G$2:$G$418,$G$4) -> 0 | H9: =SUMIFS(Vtiger!$F$2:$F$418,Vtiger!$E$2:$E$418,B9,Vtiger!$A$2:$A$418,"G2B",Vtiger!$G$2:$G$418,$H$4) -> 0 | I9: =SUMIFS(Vtiger!$F$2:$F$418,Vtiger!$E$2:$E$418,B9,Vtiger!$A$2:$A$418,"G2B",Vtiger!$G$2:$G$418,$I$4) -> 0 | J9: =SUMIFS(Vtiger!$F$2:$F$418,Vtiger!$E$2:$E$418,B9,Vtiger!$A$2:$A$418,"G2B",Vtiger!$G$2:$G$418,$J$4) -> 0 | L9: Tháng 05 | N9: =M9 -> 0
A10: 6 | B10: Tháng 06 | C10: =SUM(E10:G10) -> 0 | D10: =SUM(H10:J10) -> 0 | E10: =SUMIFS(Vtiger!$F$2:$F$418,Vtiger!$E$2:$E$418,B10,Vtiger!$A$2:$A$418,"UNI",Vtiger!$G$2:$G$418,$E$4) -> 0 | F10: =SUMIFS(Vtiger!$F$2:$F$418,Vtiger!$E$2:$E$418,B10,Vtiger!$A$2:$A$418,"UNI",Vtiger!$G$2:$G$418,$F$4) -> 0 | G10: =SUMIFS(Vtiger!$F$2:$F$418,Vtiger!$E$2:$E$418,B10,Vtiger!$A$2:$A$418,"UNI",Vtiger!$G$2:$G$418,$G$4) -> 0 | H10: =SUMIFS(Vtiger!$F$2:$F$418,Vtiger!$E$2:$E$418,B10,Vtiger!$A$2:$A$418,"G2B",Vtiger!$G$2:$G$418,$H$4) -> 0 | I10: =SUMIFS(Vtiger!$F$2:$F$418,Vtiger!$E$2:$E$418,B10,Vtiger!$A$2:$A$418,"G2B",Vtiger!$G$2:$G$418,$I$4) -> 0 | J10: =SUMIFS(Vtiger!$F$2:$F$418,Vtiger!$E$2:$E$418,B10,Vtiger!$A$2:$A$418,"G2B",Vtiger!$G$2:$G$418,$J$4) -> 0 | L10: Tháng 06 | N10: =M10 -> 0
A11: 7 | B11: Tháng 07 | C11: =SUM(E11:G11) -> 0 | D11: =SUM(H11:J11) -> 0 | E11: =SUMIFS(Vtiger!$F$2:$F$418,Vtiger!$E$2:$E$418,B11,Vtiger!$A$2:$A$418,"UNI",Vtiger!$G$2:$G$418,$E$4) -> 0 | F11: =SUMIFS(Vtiger!$F$2:$F$418,Vtiger!$E$2:$E$418,B11,Vtiger!$A$2:$A$418,"UNI",Vtiger!$G$2:$G$418,$F$4) -> 0 | G11: =SUMIFS(Vtiger!$F$2:$F$418,Vtiger!$E$2:$E$418,B11,Vtiger!$A$2:$A$418,"UNI",Vtiger!$G$2:$G$418,$G$4) -> 0 | H11: =SUMIFS(Vtiger!$F$2:$F$418,Vtiger!$E$2:$E$418,B11,Vtiger!$A$2:$A$418,"G2B",Vtiger!$G$2:$G$418,$H$4) -> 0 | I11: =SUMIFS(Vtiger!$F$2:$F$418,Vtiger!$E$2:$E$418,B11,Vtiger!$A$2:$A$418,"G2B",Vtiger!$G$2:$G$418,$I$4) -> 0 | J11: =SUMIFS(Vtiger!$F$2:$F$418,Vtiger!$E$2:$E$418,B11,Vtiger!$A$2:$A$418,"G2B",Vtiger!$G$2:$G$418,$J$4) -> 0 | L11: Tháng 07 | N11: =M11 -> 0
A12: 8 | B12: Tháng 08 | C12: =SUM(E12:G12) -> 0 | D12: =SUM(H12:J12) -> 0 | E12: =SUMIFS(Vtiger!$F$2:$F$418,Vtiger!$E$2:$E$418,B12,Vtiger!$A$2:$A$418,"UNI",Vtiger!$G$2:$G$418,$E$4) -> 0 | F12: =SUMIFS(Vtiger!$F$2:$F$418,Vtiger!$E$2:$E$418,B12,Vtiger!$A$2:$A$418,"UNI",Vtiger!$G$2:$G$418,$F$4) -> 0 | G12: =SUMIFS(Vtiger!$F$2:$F$418,Vtiger!$E$2:$E$418,B12,Vtiger!$A$2:$A$418,"UNI",Vtiger!$G$2:$G$418,$G$4) -> 0 | H12: =SUMIFS(Vtiger!$F$2:$F$418,Vtiger!$E$2:$E$418,B12,Vtiger!$A$2:$A$418,"G2B",Vtiger!$G$2:$G$418,$H$4) -> 0 | I12: =SUMIFS(Vtiger!$F$2:$F$418,Vtiger!$E$2:$E$418,B12,Vtiger!$A$2:$A$418,"G2B",Vtiger!$G$2:$G$418,$I$4) -> 0 | J12: =SUMIFS(Vtiger!$F$2:$F$418,Vtiger!$E$2:$E$418,B12,Vtiger!$A$2:$A$418,"G2B",Vtiger!$G$2:$G$418,$J$4) -> 0 | L12: Tháng 08 | N12: =M12 -> 0
A13: 9 | B13: Tháng 09 | C13: =SUM(E13:G13) -> 0 | D13: =SUM(H13:J13) -> 0 | E13: =SUMIFS(Vtiger!$F$2:$F$418,Vtiger!$E$2:$E$418,B13,Vtiger!$A$2:$A$418,"UNI",Vtiger!$G$2:$G$418,$E$4) -> 0 | F13: =SUMIFS(Vtiger!$F$2:$F$418,Vtiger!$E$2:$E$418,B13,Vtiger!$A$2:$A$418,"UNI",Vtiger!$G$2:$G$418,$F$4) -> 0 | G13: =SUMIFS(Vtiger!$F$2:$F$418,Vtiger!$E$2:$E$418,B13,Vtiger!$A$2:$A$418,"UNI",Vtiger!$G$2:$G$418,$G$4) -> 0 | H13: =SUMIFS(Vtiger!$F$2:$F$418,Vtiger!$E$2:$E$418,B13,Vtiger!$A$2:$A$418,"G2B",Vtiger!$G$2:$G$418,$H$4) -> 0 | I13: =SUMIFS(Vtiger!$F$2:$F$418,Vtiger!$E$2:$E$418,B13,Vtiger!$A$2:$A$418,"G2B",Vtiger!$G$2:$G$418,$I$4) -> 0 | J13: =SUMIFS(Vtiger!$F$2:$F$418,Vtiger!$E$2:$E$418,B13,Vtiger!$A$2:$A$418,"G2B",Vtiger!$G$2:$G$418,$J$4) -> 0 | L13: Tháng 09 | N13: =M13 -> 0
A14: 10 | B14: Tháng 10 | C14: =SUM(E14:G14) -> 0 | D14: =SUM(H14:J14) -> 0 | E14: =SUMIFS(Vtiger!$F$2:$F$418,Vtiger!$E$2:$E$418,B14,Vtiger!$A$2:$A$418,"UNI",Vtiger!$G$2:$G$418,$E$4) -> 0 | F14: =SUMIFS(Vtiger!$F$2:$F$418,Vtiger!$E$2:$E$418,B14,Vtiger!$A$2:$A$418,"UNI",Vtiger!$G$2:$G$418,$F$4) -> 0 | G14: =SUMIFS(Vtiger!$F$2:$F$418,Vtiger!$E$2:$E$418,B14,Vtiger!$A$2:$A$418,"UNI",Vtiger!$G$2:$G$418,$G$4) -> 0 | H14: =SUMIFS(Vtiger!$F$2:$F$418,Vtiger!$E$2:$E$418,B14,Vtiger!$A$2:$A$418,"G2B",Vtiger!$G$2:$G$418,$H$4) -> 0 | I14: =SUMIFS(Vtiger!$F$2:$F$418,Vtiger!$E$2:$E$418,B14,Vtiger!$A$2:$A$418,"G2B",Vtiger!$G$2:$G$418,$I$4) -> 0 | J14: =SUMIFS(Vtiger!$F$2:$F$418,Vtiger!$E$2:$E$418,B14,Vtiger!$A$2:$A$418,"G2B",Vtiger!$G$2:$G$418,$J$4) -> 0 | L14: Tháng 10 | N14: =M14 -> 0
A15: 11 | B15: Tháng 11 | C15: =SUM(E15:G15) -> 0 | D15: =SUM(H15:J15) -> 0 | E15: =SUMIFS(Vtiger!$F$2:$F$418,Vtiger!$E$2:$E$418,B15,Vtiger!$A$2:$A$418,"UNI",Vtiger!$G$2:$G$418,$E$4) -> 0 | F15: =SUMIFS(Vtiger!$F$2:$F$418,Vtiger!$E$2:$E$418,B15,Vtiger!$A$2:$A$418,"UNI",Vtiger!$G$2:$G$418,$F$4) -> 0 | G15: =SUMIFS(Vtiger!$F$2:$F$418,Vtiger!$E$2:$E$418,B15,Vtiger!$A$2:$A$418,"UNI",Vtiger!$G$2:$G$418,$G$4) -> 0 | H15: =SUMIFS(Vtiger!$F$2:$F$418,Vtiger!$E$2:$E$418,B15,Vtiger!$A$2:$A$418,"G2B",Vtiger!$G$2:$G$418,$H$4) -> 0 | I15: =SUMIFS(Vtiger!$F$2:$F$418,Vtiger!$E$2:$E$418,B15,Vtiger!$A$2:$A$418,"G2B",Vtiger!$G$2:$G$418,$I$4) -> 0 | J15: =SUMIFS(Vtiger!$F$2:$F$418,Vtiger!$E$2:$E$418,B15,Vtiger!$A$2:$A$418,"G2B",Vtiger!$G$2:$G$418,$J$4) -> 0 | L15: Tháng 11 | N15: =M15 -> 0
A16: 12 | B16: Tháng 12 | C16: =SUM(E16:G16) -> 0 | D16: =SUM(H16:J16) -> 854990000 | E16: =SUMIFS(Vtiger!$F$2:$F$418,Vtiger!$E$2:$E$418,B16,Vtiger!$A$2:$A$418,"UNI",Vtiger!$G$2:$G$418,$E$4) -> 0 | F16: =SUMIFS(Vtiger!$F$2:$F$418,Vtiger!$E$2:$E$418,B16,Vtiger!$A$2:$A$418,"UNI",Vtiger!$G$2:$G$418,$F$4) -> 0 | G16: =SUMIFS(Vtiger!$F$2:$F$418,Vtiger!$E$2:$E$418,B16,Vtiger!$A$2:$A$418,"UNI",Vtiger!$G$2:$G$418,$G$4) -> 0 | H16: =SUMIFS(Vtiger!$F$2:$F$418,Vtiger!$E$2:$E$418,B16,Vtiger!$A$2:$A$418,"G2B",Vtiger!$G$2:$G$418,$H$4) -> 854990000 | I16: =SUMIFS(Vtiger!$F$2:$F$418,Vtiger!$E$2:$E$418,B16,Vtiger!$A$2:$A$418,"G2B",Vtiger!$G$2:$G$418,$I$4) -> 0 | J16: =SUMIFS(Vtiger!$F$2:$F$418,Vtiger!$E$2:$E$418,B16,Vtiger!$A$2:$A$418,"G2B",Vtiger!$G$2:$G$418,$J$4) -> 0 | L16: Tháng 12 | N16: =M16 -> 0
B17: Tổng cộng | C17: =SUM(C5:C16) -> 0 | D17: =SUM(D5:D16) -> 854990000 | E17: =SUM(E5:E16) -> 0 | F17: =SUM(F5:F16) -> 0 | G17: =SUM(G5:G16) -> 0 | H17: =SUM(H5:H16) -> 854990000 | I17: =SUM(I5:I16) -> 0 | J17: =SUM(J5:J16) -> 0 | M17: =SUM(M4:M16) -> 0 | N17: =SUM(N4:N16) -> 0
A18: Dữ liệu vẽ biểu đồ
C19: UNI | F19: G2B | L19: Hạng mục | M19: Hợp đồng | N19: Doanh thu
A20: TT | B20: Hạng mục | C20: Kế hoạch năm | D20: Kế hoạch còn lại | E20: Dự kiến đạt được | F20: Kế hoạch năm | G20: Kế hoạch còn lại | H20: Dự kiến đạt được | L20: Kế hoạch | M20: 10560000000 | N20: 10560000000
A21: 1 | B21: KH năm | C21: ='Tong hop (TH)'!F17 -> 0 | F21: ='Tong hop (TH)'!I17 -> 0 | L21: Đạt | M21: ='Tong hop (TH)'!E17 -> 0 | N21: ='Tong hop (TH)'!E49 -> 0
A22: 2 | B22: KH còn lại | D22: =C21-E23 -> 0 | G22: =F21-H23 -> 0 | L22: Điều chỉnh | M22: =M17 -> 0 | N22: =N17 -> 0
A23: 3 | B23: Thực tế (đạt) | E23: ='Tong hop (TH)'!H17 -> 0 | H23: ='Tong hop (TH)'!K17 -> 0 | L23: Tổng | M23: =M21+M22 -> 0 | N23: =N21+N22 -> 0
A24: 5 | B24: Nguồn HĐ dự kiến | E24: =C17 -> 0 | H24: =D17 -> 854990000 | L24: Tỉ lệ | M24: =M23/M20 -> 0 | N24: =N23/N20 -> 0
B25: Tổng cộng | C25: =SUM(C21:C24) -> 0 | D25: =SUM(D21:D24) -> 0 | E25: =SUM(E21:E24) -> 0 | F25: =SUM(F21:F24) -> 0 | G25: =SUM(G21:G24) -> 0 | H25: =SUM(H21:H24) -> 854990000
A27: DOANH THU
C28: KH DOANH THU | E28: UNI | H28: G2B | K28: DT CÒN LẠI (ĐÃ KÝ HĐ) | M28: KH DT ĐIỀU CHỈNH
A29: TT | B29: Tháng | C29: UNI | D29: G2B | E29: Mức 1: Đạt 80-100% | F29: Mức 2: Đạt 50-79% | G29: Mức 3: Dưới 50% | H29: Mức 1: Đạt 80-100% | I29: Mức 2: Đạt 50-79% | J29: Mức 3: Dưới 50% | K29: UNI | L29: G2B | M29: UNI | N29: G2B
A30: 1 | B30: Tháng 01 | C30: =SUM(E30:G30) -> 0 | D30: =SUM(H30:J30) -> 0 | E30: =SUMIFS(Vtiger!$H$2:$H$418,Vtiger!$I$2:$I$418,B30,Vtiger!$A$2:$A$418,"UNI",Vtiger!$G$2:$G$418,$E$29)+SUMIFS(Vtiger!$J$2:$J$418,Vtiger!$K$2:$K$418,B30,Vtiger!$A$2:$A$418,"UNI",Vtiger!$G$2:$G$418,$E$29) -> 0 | F30: =SUMIFS(Vtiger!$H$2:$H$418,Vtiger!$I$2:$I$418,B30,Vtiger!$A$2:$A$418,"UNI",Vtiger!$G$2:$G$418,$F$29)+SUMIFS(Vtiger!$J$2:$J$418,Vtiger!$K$2:$K$418,B30,Vtiger!$A$2:$A$418,"UNI",Vtiger!$G$2:$G$418,$F$29) -> 0 | G30: =SUMIFS(Vtiger!$H$2:$H$418,Vtiger!$I$2:$I$418,B30,Vtiger!$A$2:$A$418,"UNI",Vtiger!$G$2:$G$418,$G$29)+SUMIFS(Vtiger!$J$2:$J$418,Vtiger!$K$2:$K$418,B30,Vtiger!$A$2:$A$418,"UNI",Vtiger!$G$2:$G$418,$G$29) -> 0 | H30: =SUMIFS(Vtiger!$H$2:$H$418,Vtiger!$I$2:$I$418,B30,Vtiger!$A$2:$A$418,"G2B",Vtiger!$G$2:$G$418,$H$29)+SUMIFS(Vtiger!$J$2:$J$418,Vtiger!$K$2:$K$418,B30,Vtiger!$A$2:$A$418,"G2B",Vtiger!$G$2:$G$418,$H$29) -> 0 | I30: =SUMIFS(Vtiger!$H$2:$H$418,Vtiger!$I$2:$I$418,B30,Vtiger!$A$2:$A$418,"G2B",Vtiger!$G$2:$G$418,$I$29)+SUMIFS(Vtiger!$J$2:$J$418,Vtiger!$K$2:$K$418,B30,Vtiger!$A$2:$A$418,"G2B",Vtiger!$G$2:$G$418,$I$29) -> 0 | J30: =SUMIFS(Vtiger!$H$2:$H$418,Vtiger!$I$2:$I$418,B30,Vtiger!$A$2:$A$418,"G2B",Vtiger!$G$2:$G$418,$J$29)+SUMIFS(Vtiger!$J$2:$J$418,Vtiger!$K$2:$K$418,B30,Vtiger!$A$2:$A$418,"G2B",Vtiger!$G$2:$G$418,$J$29) -> 0 | K30: =SUMIFS('TH theo khach hang'!$K$7:$K$106,'TH theo khach hang'!$M$7:$M$106,B30) -> 0 | L30: =SUMIFS('TH theo khach hang'!$K$209:$K$308,'TH theo khach hang'!$M$209:$M$308,B30) -> 0 | M30: =C30+K30 -> 0 | N30: =D30+L30 -> 0
A31: 2 | B31: Tháng 02 | C31: =SUM(E31:G31) -> 0 | D31: =SUM(H31:J31) -> 0 | E31: =SUMIFS(Vtiger!$H$2:$H$418,Vtiger!$I$2:$I$418,B31,Vtiger!$A$2:$A$418,"UNI",Vtiger!$G$2:$G$418,$E$29)+SUMIFS(Vtiger!$J$2:$J$418,Vtiger!$K$2:$K$418,B31,Vtiger!$A$2:$A$418,"UNI",Vtiger!$G$2:$G$418,$E$29) -> 0 | F31: =SUMIFS(Vtiger!$H$2:$H$418,Vtiger!$I$2:$I$418,B31,Vtiger!$A$2:$A$418,"UNI",Vtiger!$G$2:$G$418,$F$29)+SUMIFS(Vtiger!$J$2:$J$418,Vtiger!$K$2:$K$418,B31,Vtiger!$A$2:$A$418,"UNI",Vtiger!$G$2:$G$418,$F$29) -> 0 | G31: =SUMIFS(Vtiger!$H$2:$H$418,Vtiger!$I$2:$I$418,B31,Vtiger!$A$2:$A$418,"UNI",Vtiger!$G$2:$G$418,$G$29)+SUMIFS(Vtiger!$J$2:$J$418,Vtiger!$K$2:$K$418,B31,Vtiger!$A$2:$A$418,"UNI",Vtiger!$G$2:$G$418,$G$29) -> 0 | H31: =SUMIFS(Vtiger!$H$2:$H$418,Vtiger!$I$2:$I$418,B31,Vtiger!$A$2:$A$418,"G2B",Vtiger!$G$2:$G$418,$H$29)+SUMIFS(Vtiger!$J$2:$J$418,Vtiger!$K$2:$K$418,B31,Vtiger!$A$2:$A$418,"G2B",Vtiger!$G$2:$G$418,$H$29) -> 0 | I31: =SUMIFS(Vtiger!$H$2:$H$418,Vtiger!$I$2:$I$418,B31,Vtiger!$A$2:$A$418,"G2B",Vtiger!$G$2:$G$418,$I$29)+SUMIFS(Vtiger!$J$2:$J$418,Vtiger!$K$2:$K$418,B31,Vtiger!$A$2:$A$418,"G2B",Vtiger!$G$2:$G$418,$I$29) -> 0 | J31: =SUMIFS(Vtiger!$H$2:$H$418,Vtiger!$I$2:$I$418,B31,Vtiger!$A$2:$A$418,"G2B",Vtiger!$G$2:$G$418,$J$29)+SUMIFS(Vtiger!$J$2:$J$418,Vtiger!$K$2:$K$418,B31,Vtiger!$A$2:$A$418,"G2B",Vtiger!$G$2:$G$418,$J$29) -> 0 | K31: =SUMIFS('TH theo khach hang'!$K$7:$K$106,'TH theo khach hang'!$M$7:$M$106,B31) -> 0 | L31: =SUMIFS('TH theo khach hang'!$K$209:$K$308,'TH theo khach hang'!$M$209:$M$308,B31) -> 0 | M31: =C31+K31 -> 0 | N31: =D31+L31 -> 0
A32: 3 | B32: Tháng 03 | C32: =SUM(E32:G32) -> 0 | D32: =SUM(H32:J32) -> 0 | E32: =SUMIFS(Vtiger!$H$2:$H$418,Vtiger!$I$2:$I$418,B32,Vtiger!$A$2:$A$418,"UNI",Vtiger!$G$2:$G$418,$E$29)+SUMIFS(Vtiger!$J$2:$J$418,Vtiger!$K$2:$K$418,B32,Vtiger!$A$2:$A$418,"UNI",Vtiger!$G$2:$G$418,$E$29) -> 0 | F32: =SUMIFS(Vtiger!$H$2:$H$418,Vtiger!$I$2:$I$418,B32,Vtiger!$A$2:$A$418,"UNI",Vtiger!$G$2:$G$418,$F$29)+SUMIFS(Vtiger!$J$2:$J$418,Vtiger!$K$2:$K$418,B32,Vtiger!$A$2:$A$418,"UNI",Vtiger!$G$2:$G$418,$F$29) -> 0 | G32: =SUMIFS(Vtiger!$H$2:$H$418,Vtiger!$I$2:$I$418,B32,Vtiger!$A$2:$A$418,"UNI",Vtiger!$G$2:$G$418,$G$29)+SUMIFS(Vtiger!$J$2:$J$418,Vtiger!$K$2:$K$418,B32,Vtiger!$A$2:$A$418,"UNI",Vtiger!$G$2:$G$418,$G$29) -> 0 | H32: =SUMIFS(Vtiger!$H$2:$H$418,Vtiger!$I$2:$I$418,B32,Vtiger!$A$2:$A$418,"G2B",Vtiger!$G$2:$G$418,$H$29)+SUMIFS(Vtiger!$J$2:$J$418,Vtiger!$K$2:$K$418,B32,Vtiger!$A$2:$A$418,"G2B",Vtiger!$G$2:$G$418,$H$29) -> 0 | I32: =SUMIFS(Vtiger!$H$2:$H$418,Vtiger!$I$2:$I$418,B32,Vtiger!$A$2:$A$418,"G2B",Vtiger!$G$2:$G$418,$I$29)+SUMIFS(Vtiger!$J$2:$J$418,Vtiger!$K$2:$K$418,B32,Vtiger!$A$2:$A$418,"G2B",Vtiger!$G$2:$G$418,$I$29) -> 0 | J32: =SUMIFS(Vtiger!$H$2:$H$418,Vtiger!$I$2:$I$418,B32,Vtiger!$A$2:$A$418,"G2B",Vtiger!$G$2:$G$418,$J$29)+SUMIFS(Vtiger!$J$2:$J$418,Vtiger!$K$2:$K$418,B32,Vtiger!$A$2:$A$418,"G2B",Vtiger!$G$2:$G$418,$J$29) -> 0 | K32: =SUMIFS('TH theo khach hang'!$K$7:$K$106,'TH theo khach hang'!$M$7:$M$106,B32) -> 0 | L32: =SUMIFS('TH theo khach hang'!$K$209:$K$308,'TH theo khach hang'!$M$209:$M$308,B32) -> 0 | M32: =C32+K32 -> 0 | N32: =D32+L32 -> 0
A33: 4 | B33: Tháng 04 | C33: =SUM(E33:G33) -> 0 | D33: =SUM(H33:J33) -> 0 | E33: =SUMIFS(Vtiger!$H$2:$H$418,Vtiger!$I$2:$I$418,B33,Vtiger!$A$2:$A$418,"UNI",Vtiger!$G$2:$G$418,$E$29)+SUMIFS(Vtiger!$J$2:$J$418,Vtiger!$K$2:$K$418,B33,Vtiger!$A$2:$A$418,"UNI",Vtiger!$G$2:$G$418,$E$29) -> 0 | F33: =SUMIFS(Vtiger!$H$2:$H$418,Vtiger!$I$2:$I$418,B33,Vtiger!$A$2:$A$418,"UNI",Vtiger!$G$2:$G$418,$F$29)+SUMIFS(Vtiger!$J$2:$J$418,Vtiger!$K$2:$K$418,B33,Vtiger!$A$2:$A$418,"UNI",Vtiger!$G$2:$G$418,$F$29) -> 0 | G33: =SUMIFS(Vtiger!$H$2:$H$418,Vtiger!$I$2:$I$418,B33,Vtiger!$A$2:$A$418,"UNI",Vtiger!$G$2:$G$418,$G$29)+SUMIFS(Vtiger!$J$2:$J$418,Vtiger!$K$2:$K$418,B33,Vtiger!$A$2:$A$418,"UNI",Vtiger!$G$2:$G$418,$G$29) -> 0 | H33: =SUMIFS(Vtiger!$H$2:$H$418,Vtiger!$I$2:$I$418,B33,Vtiger!$A$2:$A$418,"G2B",Vtiger!$G$2:$G$418,$H$29)+SUMIFS(Vtiger!$J$2:$J$418,Vtiger!$K$2:$K$418,B33,Vtiger!$A$2:$A$418,"G2B",Vtiger!$G$2:$G$418,$H$29) -> 0 | I33: =SUMIFS(Vtiger!$H$2:$H$418,Vtiger!$I$2:$I$418,B33,Vtiger!$A$2:$A$418,"G2B",Vtiger!$G$2:$G$418,$I$29)+SUMIFS(Vtiger!$J$2:$J$418,Vtiger!$K$2:$K$418,B33,Vtiger!$A$2:$A$418,"G2B",Vtiger!$G$2:$G$418,$I$29) -> 0 | J33: =SUMIFS(Vtiger!$H$2:$H$418,Vtiger!$I$2:$I$418,B33,Vtiger!$A$2:$A$418,"G2B",Vtiger!$G$2:$G$418,$J$29)+SUMIFS(Vtiger!$J$2:$J$418,Vtiger!$K$2:$K$418,B33,Vtiger!$A$2:$A$418,"G2B",Vtiger!$G$2:$G$418,$J$29) -> 0 | K33: =SUMIFS('TH theo khach hang'!$K$7:$K$106,'TH theo khach hang'!$M$7:$M$106,B33) -> 0 | L33: =SUMIFS('TH theo khach hang'!$K$209:$K$308,'TH theo khach hang'!$M$209:$M$308,B33) -> 0 | M33: =C33+K33 -> 0 | N33: =D33+L33 -> 0
A34: 5 | B34: Tháng 05 | C34: =SUM(E34:G34) -> 0 | D34: =SUM(H34:J34) -> 0 | E34: =SUMIFS(Vtiger!$H$2:$H$418,Vtiger!$I$2:$I$418,B34,Vtiger!$A$2:$A$418,"UNI",Vtiger!$G$2:$G$418,$E$29)+SUMIFS(Vtiger!$J$2:$J$418,Vtiger!$K$2:$K$418,B34,Vtiger!$A$2:$A$418,"UNI",Vtiger!$G$2:$G$418,$E$29) -> 0 | F34: =SUMIFS(Vtiger!$H$2:$H$418,Vtiger!$I$2:$I$418,B34,Vtiger!$A$2:$A$418,"UNI",Vtiger!$G$2:$G$418,$F$29)+SUMIFS(Vtiger!$J$2:$J$418,Vtiger!$K$2:$K$418,B34,Vtiger!$A$2:$A$418,"UNI",Vtiger!$G$2:$G$418,$F$29) -> 0 | G34: =SUMIFS(Vtiger!$H$2:$H$418,Vtiger!$I$2:$I$418,B34,Vtiger!$A$2:$A$418,"UNI",Vtiger!$G$2:$G$418,$G$29)+SUMIFS(Vtiger!$J$2:$J$418,Vtiger!$K$2:$K$418,B34,Vtiger!$A$2:$A$418,"UNI",Vtiger!$G$2:$G$418,$G$29) -> 0 | H34: =SUMIFS(Vtiger!$H$2:$H$418,Vtiger!$I$2:$I$418,B34,Vtiger!$A$2:$A$418,"G2B",Vtiger!$G$2:$G$418,$H$29)+SUMIFS(Vtiger!$J$2:$J$418,Vtiger!$K$2:$K$418,B34,Vtiger!$A$2:$A$418,"G2B",Vtiger!$G$2:$G$418,$H$29) -> 0 | I34: =SUMIFS(Vtiger!$H$2:$H$418,Vtiger!$I$2:$I$418,B34,Vtiger!$A$2:$A$418,"G2B",Vtiger!$G$2:$G$418,$I$29)+SUMIFS(Vtiger!$J$2:$J$418,Vtiger!$K$2:$K$418,B34,Vtiger!$A$2:$A$418,"G2B",Vtiger!$G$2:$G$418,$I$29) -> 0 | J34: =SUMIFS(Vtiger!$H$2:$H$418,Vtiger!$I$2:$I$418,B34,Vtiger!$A$2:$A$418,"G2B",Vtiger!$G$2:$G$418,$J$29)+SUMIFS(Vtiger!$J$2:$J$418,Vtiger!$K$2:$K$418,B34,Vtiger!$A$2:$A$418,"G2B",Vtiger!$G$2:$G$418,$J$29) -> 0 | K34: =SUMIFS('TH theo khach hang'!$K$7:$K$106,'TH theo khach hang'!$M$7:$M$106,B34) -> 0 | L34: =SUMIFS('TH theo khach hang'!$K$209:$K$308,'TH theo khach hang'!$M$209:$M$308,B34) -> 0 | M34: =C34+K34 -> 0 | N34: =D34+L34 -> 0
A35: 6 | B35: Tháng 06 | C35: =SUM(E35:G35) -> 0 | D35: =SUM(H35:J35) -> 0 | E35: =SUMIFS(Vtiger!$H$2:$H$418,Vtiger!$I$2:$I$418,B35,Vtiger!$A$2:$A$418,"UNI",Vtiger!$G$2:$G$418,$E$29)+SUMIFS(Vtiger!$J$2:$J$418,Vtiger!$K$2:$K$418,B35,Vtiger!$A$2:$A$418,"UNI",Vtiger!$G$2:$G$418,$E$29) -> 0 | F35: =SUMIFS(Vtiger!$H$2:$H$418,Vtiger!$I$2:$I$418,B35,Vtiger!$A$2:$A$418,"UNI",Vtiger!$G$2:$G$418,$F$29)+SUMIFS(Vtiger!$J$2:$J$418,Vtiger!$K$2:$K$418,B35,Vtiger!$A$2:$A$418,"UNI",Vtiger!$G$2:$G$418,$F$29) -> 0 | G35: =SUMIFS(Vtiger!$H$2:$H$418,Vtiger!$I$2:$I$418,B35,Vtiger!$A$2:$A$418,"UNI",Vtiger!$G$2:$G$418,$G$29)+SUMIFS(Vtiger!$J$2:$J$418,Vtiger!$K$2:$K$418,B35,Vtiger!$A$2:$A$418,"UNI",Vtiger!$G$2:$G$418,$G$29) -> 0 | H35: =SUMIFS(Vtiger!$H$2:$H$418,Vtiger!$I$2:$I$418,B35,Vtiger!$A$2:$A$418,"G2B",Vtiger!$G$2:$G$418,$H$29)+SUMIFS(Vtiger!$J$2:$J$418,Vtiger!$K$2:$K$418,B35,Vtiger!$A$2:$A$418,"G2B",Vtiger!$G$2:$G$418,$H$29) -> 0 | I35: =SUMIFS(Vtiger!$H$2:$H$418,Vtiger!$I$2:$I$418,B35,Vtiger!$A$2:$A$418,"G2B",Vtiger!$G$2:$G$418,$I$29)+SUMIFS(Vtiger!$J$2:$J$418,Vtiger!$K$2:$K$418,B35,Vtiger!$A$2:$A$418,"G2B",Vtiger!$G$2:$G$418,$I$29) -> 0 | J35: =SUMIFS(Vtiger!$H$2:$H$418,Vtiger!$I$2:$I$418,B35,Vtiger!$A$2:$A$418,"G2B",Vtiger!$G$2:$G$418,$J$29)+SUMIFS(Vtiger!$J$2:$J$418,Vtiger!$K$2:$K$418,B35,Vtiger!$A$2:$A$418,"G2B",Vtiger!$G$2:$G$418,$J$29) -> 0 | K35: =SUMIFS('TH theo khach hang'!$K$7:$K$106,'TH theo khach hang'!$M$7:$M$106,B35) -> 0 | L35: =SUMIFS('TH theo khach hang'!$K$209:$K$308,'TH theo khach hang'!$M$209:$M$308,B35) -> 0 | M35: =C35+K35 -> 0 | N35: =D35+L35 -> 0
A36: 7 | B36: Tháng 07 | C36: =SUM(E36:G36) -> 0 | D36: =SUM(H36:J36) -> 0 | E36: =SUMIFS(Vtiger!$H$2:$H$418,Vtiger!$I$2:$I$418,B36,Vtiger!$A$2:$A$418,"UNI",Vtiger!$G$2:$G$418,$E$29)+SUMIFS(Vtiger!$J$2:$J$418,Vtiger!$K$2:$K$418,B36,Vtiger!$A$2:$A$418,"UNI",Vtiger!$G$2:$G$418,$E$29) -> 0 | F36: =SUMIFS(Vtiger!$H$2:$H$418,Vtiger!$I$2:$I$418,B36,Vtiger!$A$2:$A$418,"UNI",Vtiger!$G$2:$G$418,$F$29)+SUMIFS(Vtiger!$J$2:$J$418,Vtiger!$K$2:$K$418,B36,Vtiger!$A$2:$A$418,"UNI",Vtiger!$G$2:$G$418,$F$29) -> 0 | G36: =SUMIFS(Vtiger!$H$2:$H$418,Vtiger!$I$2:$I$418,B36,Vtiger!$A$2:$A$418,"UNI",Vtiger!$G$2:$G$418,$G$29)+SUMIFS(Vtiger!$J$2:$J$418,Vtiger!$K$2:$K$418,B36,Vtiger!$A$2:$A$418,"UNI",Vtiger!$G$2:$G$418,$G$29) -> 0 | H36: =SUMIFS(Vtiger!$H$2:$H$418,Vtiger!$I$2:$I$418,B36,Vtiger!$A$2:$A$418,"G2B",Vtiger!$G$2:$G$418,$H$29)+SUMIFS(Vtiger!$J$2:$J$418,Vtiger!$K$2:$K$418,B36,Vtiger!$A$2:$A$418,"G2B",Vtiger!$G$2:$G$418,$H$29) -> 0 | I36: =SUMIFS(Vtiger!$H$2:$H$418,Vtiger!$I$2:$I$418,B36,Vtiger!$A$2:$A$418,"G2B",Vtiger!$G$2:$G$418,$I$29)+SUMIFS(Vtiger!$J$2:$J$418,Vtiger!$K$2:$K$418,B36,Vtiger!$A$2:$A$418,"G2B",Vtiger!$G$2:$G$418,$I$29) -> 0 | J36: =SUMIFS(Vtiger!$H$2:$H$418,Vtiger!$I$2:$I$418,B36,Vtiger!$A$2:$A$418,"G2B",Vtiger!$G$2:$G$418,$J$29)+SUMIFS(Vtiger!$J$2:$J$418,Vtiger!$K$2:$K$418,B36,Vtiger!$A$2:$A$418,"G2B",Vtiger!$G$2:$G$418,$J$29) -> 0 | K36: =SUMIFS('TH theo khach hang'!$K$7:$K$106,'TH theo khach hang'!$M$7:$M$106,B36) -> 0 | L36: =SUMIFS('TH theo khach hang'!$K$209:$K$308,'TH theo khach hang'!$M$209:$M$308,B36) -> 0 | M36: =C36+K36 -> 0 | N36: =D36+L36 -> 0
A37: 8 | B37: Tháng 08 | C37: =SUM(E37:G37) -> 0 | D37: =SUM(H37:J37) -> 0 | E37: =SUMIFS(Vtiger!$H$2:$H$418,Vtiger!$I$2:$I$418,B37,Vtiger!$A$2:$A$418,"UNI",Vtiger!$G$2:$G$418,$E$29)+SUMIFS(Vtiger!$J$2:$J$418,Vtiger!$K$2:$K$418,B37,Vtiger!$A$2:$A$418,"UNI",Vtiger!$G$2:$G$418,$E$29) -> 0 | F37: =SUMIFS(Vtiger!$H$2:$H$418,Vtiger!$I$2:$I$418,B37,Vtiger!$A$2:$A$418,"UNI",Vtiger!$G$2:$G$418,$F$29)+SUMIFS(Vtiger!$J$2:$J$418,Vtiger!$K$2:$K$418,B37,Vtiger!$A$2:$A$418,"UNI",Vtiger!$G$2:$G$418,$F$29) -> 0 | G37: =SUMIFS(Vtiger!$H$2:$H$418,Vtiger!$I$2:$I$418,B37,Vtiger!$A$2:$A$418,"UNI",Vtiger!$G$2:$G$418,$G$29)+SUMIFS(Vtiger!$J$2:$J$418,Vtiger!$K$2:$K$418,B37,Vtiger!$A$2:$A$418,"UNI",Vtiger!$G$2:$G$418,$G$29) -> 0 | H37: =SUMIFS(Vtiger!$H$2:$H$418,Vtiger!$I$2:$I$418,B37,Vtiger!$A$2:$A$418,"G2B",Vtiger!$G$2:$G$418,$H$29)+SUMIFS(Vtiger!$J$2:$J$418,Vtiger!$K$2:$K$418,B37,Vtiger!$A$2:$A$418,"G2B",Vtiger!$G$2:$G$418,$H$29) -> 0 | I37: =SUMIFS(Vtiger!$H$2:$H$418,Vtiger!$I$2:$I$418,B37,Vtiger!$A$2:$A$418,"G2B",Vtiger!$G$2:$G$418,$I$29)+SUMIFS(Vtiger!$J$2:$J$418,Vtiger!$K$2:$K$418,B37,Vtiger!$A$2:$A$418,"G2B",Vtiger!$G$2:$G$418,$I$29) -> 0 | J37: =SUMIFS(Vtiger!$H$2:$H$418,Vtiger!$I$2:$I$418,B37,Vtiger!$A$2:$A$418,"G2B",Vtiger!$G$2:$G$418,$J$29)+SUMIFS(Vtiger!$J$2:$J$418,Vtiger!$K$2:$K$418,B37,Vtiger!$A$2:$A$418,"G2B",Vtiger!$G$2:$G$418,$J$29) -> 0 | K37: =SUMIFS('TH theo khach hang'!$K$7:$K$106,'TH theo khach hang'!$M$7:$M$106,B37) -> 0 | L37: =SUMIFS('TH theo khach hang'!$K$209:$K$308,'TH theo khach hang'!$M$209:$M$308,B37) -> 0 | M37: =C37+K37 -> 0 | N37: =D37+L37 -> 0
A38: 9 | B38: Tháng 09 | C38: =SUM(E38:G38) -> 0 | D38: =SUM(H38:J38) -> 0 | E38: =SUMIFS(Vtiger!$H$2:$H$418,Vtiger!$I$2:$I$418,B38,Vtiger!$A$2:$A$418,"UNI",Vtiger!$G$2:$G$418,$E$29)+SUMIFS(Vtiger!$J$2:$J$418,Vtiger!$K$2:$K$418,B38,Vtiger!$A$2:$A$418,"UNI",Vtiger!$G$2:$G$418,$E$29) -> 0 | F38: =SUMIFS(Vtiger!$H$2:$H$418,Vtiger!$I$2:$I$418,B38,Vtiger!$A$2:$A$418,"UNI",Vtiger!$G$2:$G$418,$F$29)+SUMIFS(Vtiger!$J$2:$J$418,Vtiger!$K$2:$K$418,B38,Vtiger!$A$2:$A$418,"UNI",Vtiger!$G$2:$G$418,$F$29) -> 0 | G38: =SUMIFS(Vtiger!$H$2:$H$418,Vtiger!$I$2:$I$418,B38,Vtiger!$A$2:$A$418,"UNI",Vtiger!$G$2:$G$418,$G$29)+SUMIFS(Vtiger!$J$2:$J$418,Vtiger!$K$2:$K$418,B38,Vtiger!$A$2:$A$418,"UNI",Vtiger!$G$2:$G$418,$G$29) -> 0 | H38: =SUMIFS(Vtiger!$H$2:$H$418,Vtiger!$I$2:$I$418,B38,Vtiger!$A$2:$A$418,"G2B",Vtiger!$G$2:$G$418,$H$29)+SUMIFS(Vtiger!$J$2:$J$418,Vtiger!$K$2:$K$418,B38,Vtiger!$A$2:$A$418,"G2B",Vtiger!$G$2:$G$418,$H$29) -> 0 | I38: =SUMIFS(Vtiger!$H$2:$H$418,Vtiger!$I$2:$I$418,B38,Vtiger!$A$2:$A$418,"G2B",Vtiger!$G$2:$G$418,$I$29)+SUMIFS(Vtiger!$J$2:$J$418,Vtiger!$K$2:$K$418,B38,Vtiger!$A$2:$A$418,"G2B",Vtiger!$G$2:$G$418,$I$29) -> 0 | J38: =SUMIFS(Vtiger!$H$2:$H$418,Vtiger!$I$2:$I$418,B38,Vtiger!$A$2:$A$418,"G2B",Vtiger!$G$2:$G$418,$J$29)+SUMIFS(Vtiger!$J$2:$J$418,Vtiger!$K$2:$K$418,B38,Vtiger!$A$2:$A$418,"G2B",Vtiger!$G$2:$G$418,$J$29) -> 0 | K38: =SUMIFS('TH theo khach hang'!$K$7:$K$106,'TH theo khach hang'!$M$7:$M$106,B38) -> 0 | L38: =SUMIFS('TH theo khach hang'!$K$209:$K$308,'TH theo khach hang'!$M$209:$M$308,B38) -> 0 | M38: =C38+K38 -> 0 | N38: =D38+L38 -> 0
A39: 10 | B39: Tháng 10 | C39: =SUM(E39:G39) -> 0 | D39: =SUM(H39:J39) -> 0 | E39: =SUMIFS(Vtiger!$H$2:$H$418,Vtiger!$I$2:$I$418,B39,Vtiger!$A$2:$A$418,"UNI",Vtiger!$G$2:$G$418,$E$29)+SUMIFS(Vtiger!$J$2:$J$418,Vtiger!$K$2:$K$418,B39,Vtiger!$A$2:$A$418,"UNI",Vtiger!$G$2:$G$418,$E$29) -> 0 | F39: =SUMIFS(Vtiger!$H$2:$H$418,Vtiger!$I$2:$I$418,B39,Vtiger!$A$2:$A$418,"UNI",Vtiger!$G$2:$G$418,$F$29)+SUMIFS(Vtiger!$J$2:$J$418,Vtiger!$K$2:$K$418,B39,Vtiger!$A$2:$A$418,"UNI",Vtiger!$G$2:$G$418,$F$29) -> 0 | G39: =SUMIFS(Vtiger!$H$2:$H$418,Vtiger!$I$2:$I$418,B39,Vtiger!$A$2:$A$418,"UNI",Vtiger!$G$2:$G$418,$G$29)+SUMIFS(Vtiger!$J$2:$J$418,Vtiger!$K$2:$K$418,B39,Vtiger!$A$2:$A$418,"UNI",Vtiger!$G$2:$G$418,$G$29) -> 0 | H39: =SUMIFS(Vtiger!$H$2:$H$418,Vtiger!$I$2:$I$418,B39,Vtiger!$A$2:$A$418,"G2B",Vtiger!$G$2:$G$418,$H$29)+SUMIFS(Vtiger!$J$2:$J$418,Vtiger!$K$2:$K$418,B39,Vtiger!$A$2:$A$418,"G2B",Vtiger!$G$2:$G$418,$H$29) -> 0 | I39: =SUMIFS(Vtiger!$H$2:$H$418,Vtiger!$I$2:$I$418,B39,Vtiger!$A$2:$A$418,"G2B",Vtiger!$G$2:$G$418,$I$29)+SUMIFS(Vtiger!$J$2:$J$418,Vtiger!$K$2:$K$418,B39,Vtiger!$A$2:$A$418,"G2B",Vtiger!$G$2:$G$418,$I$29) -> 0 | J39: =SUMIFS(Vtiger!$H$2:$H$418,Vtiger!$I$2:$I$418,B39,Vtiger!$A$2:$A$418,"G2B",Vtiger!$G$2:$G$418,$J$29)+SUMIFS(Vtiger!$J$2:$J$418,Vtiger!$K$2:$K$418,B39,Vtiger!$A$2:$A$418,"G2B",Vtiger!$G$2:$G$418,$J$29) -> 0 | K39: =SUMIFS('TH theo khach hang'!$K$7:$K$106,'TH theo khach hang'!$M$7:$M$106,B39) -> 0 | L39: =SUMIFS('TH theo khach hang'!$K$209:$K$308,'TH theo khach hang'!$M$209:$M$308,B39) -> 0 | M39: =C39+K39 -> 0 | N39: =D39+L39 -> 0
A40: 11 | B40: Tháng 11 | C40: =SUM(E40:G40) -> 0 | D40: =SUM(H40:J40) -> 0 | E40: =SUMIFS(Vtiger!$H$2:$H$418,Vtiger!$I$2:$I$418,B40,Vtiger!$A$2:$A$418,"UNI",Vtiger!$G$2:$G$418,$E$29)+SUMIFS(Vtiger!$J$2:$J$418,Vtiger!$K$2:$K$418,B40,Vtiger!$A$2:$A$418,"UNI",Vtiger!$G$2:$G$418,$E$29) -> 0 | F40: =SUMIFS(Vtiger!$H$2:$H$418,Vtiger!$I$2:$I$418,B40,Vtiger!$A$2:$A$418,"UNI",Vtiger!$G$2:$G$418,$F$29)+SUMIFS(Vtiger!$J$2:$J$418,Vtiger!$K$2:$K$418,B40,Vtiger!$A$2:$A$418,"UNI",Vtiger!$G$2:$G$418,$F$29) -> 0 | G40: =SUMIFS(Vtiger!$H$2:$H$418,Vtiger!$I$2:$I$418,B40,Vtiger!$A$2:$A$418,"UNI",Vtiger!$G$2:$G$418,$G$29)+SUMIFS(Vtiger!$J$2:$J$418,Vtiger!$K$2:$K$418,B40,Vtiger!$A$2:$A$418,"UNI",Vtiger!$G$2:$G$418,$G$29) -> 0 | H40: =SUMIFS(Vtiger!$H$2:$H$418,Vtiger!$I$2:$I$418,B40,Vtiger!$A$2:$A$418,"G2B",Vtiger!$G$2:$G$418,$H$29)+SUMIFS(Vtiger!$J$2:$J$418,Vtiger!$K$2:$K$418,B40,Vtiger!$A$2:$A$418,"G2B",Vtiger!$G$2:$G$418,$H$29) -> 0 | I40: =SUMIFS(Vtiger!$H$2:$H$418,Vtiger!$I$2:$I$418,B40,Vtiger!$A$2:$A$418,"G2B",Vtiger!$G$2:$G$418,$I$29)+SUMIFS(Vtiger!$J$2:$J$418,Vtiger!$K$2:$K$418,B40,Vtiger!$A$2:$A$418,"G2B",Vtiger!$G$2:$G$418,$I$29) -> 0 | J40: =SUMIFS(Vtiger!$H$2:$H$418,Vtiger!$I$2:$I$418,B40,Vtiger!$A$2:$A$418,"G2B",Vtiger!$G$2:$G$418,$J$29)+SUMIFS(Vtiger!$J$2:$J$418,Vtiger!$K$2:$K$418,B40,Vtiger!$A$2:$A$418,"G2B",Vtiger!$G$2:$G$418,$J$29) -> 0 | K40: =SUMIFS('TH theo khach hang'!$K$7:$K$106,'TH theo khach hang'!$M$7:$M$106,B40) -> 0 | L40: =SUMIFS('TH theo khach hang'!$K$209:$K$308,'TH theo khach hang'!$M$209:$M$308,B40) -> 0 | M40: =C40+K40 -> 0 | N40: =D40+L40 -> 0
A41: 12 | B41: Tháng 12 | C41: =SUM(E41:G41) -> 0 | D41: =SUM(H41:J41) -> 854990000 | E41: =SUMIFS(Vtiger!$H$2:$H$418,Vtiger!$I$2:$I$418,B41,Vtiger!$A$2:$A$418,"UNI",Vtiger!$G$2:$G$418,$E$29)+SUMIFS(Vtiger!$J$2:$J$418,Vtiger!$K$2:$K$418,B41,Vtiger!$A$2:$A$418,"UNI",Vtiger!$G$2:$G$418,$E$29) -> 0 | F41: =SUMIFS(Vtiger!$H$2:$H$418,Vtiger!$I$2:$I$418,B41,Vtiger!$A$2:$A$418,"UNI",Vtiger!$G$2:$G$418,$F$29)+SUMIFS(Vtiger!$J$2:$J$418,Vtiger!$K$2:$K$418,B41,Vtiger!$A$2:$A$418,"UNI",Vtiger!$G$2:$G$418,$F$29) -> 0 | G41: =SUMIFS(Vtiger!$H$2:$H$418,Vtiger!$I$2:$I$418,B41,Vtiger!$A$2:$A$418,"UNI",Vtiger!$G$2:$G$418,$G$29)+SUMIFS(Vtiger!$J$2:$J$418,Vtiger!$K$2:$K$418,B41,Vtiger!$A$2:$A$418,"UNI",Vtiger!$G$2:$G$418,$G$29) -> 0 | H41: =SUMIFS(Vtiger!$H$2:$H$418,Vtiger!$I$2:$I$418,B41,Vtiger!$A$2:$A$418,"G2B",Vtiger!$G$2:$G$418,$H$29)+SUMIFS(Vtiger!$J$2:$J$418,Vtiger!$K$2:$K$418,B41,Vtiger!$A$2:$A$418,"G2B",Vtiger!$G$2:$G$418,$H$29) -> 854990000 | I41: =SUMIFS(Vtiger!$H$2:$H$418,Vtiger!$I$2:$I$418,B41,Vtiger!$A$2:$A$418,"G2B",Vtiger!$G$2:$G$418,$I$29)+SUMIFS(Vtiger!$J$2:$J$418,Vtiger!$K$2:$K$418,B41,Vtiger!$A$2:$A$418,"G2B",Vtiger!$G$2:$G$418,$I$29) -> 0 | J41: =SUMIFS(Vtiger!$H$2:$H$418,Vtiger!$I$2:$I$418,B41,Vtiger!$A$2:$A$418,"G2B",Vtiger!$G$2:$G$418,$J$29)+SUMIFS(Vtiger!$J$2:$J$418,Vtiger!$K$2:$K$418,B41,Vtiger!$A$2:$A$418,"G2B",Vtiger!$G$2:$G$418,$J$29) -> 0 | K41: =SUMIFS('TH theo khach hang'!$K$7:$K$106,'TH theo khach hang'!$M$7:$M$106,B41) -> 0 | L41: =SUMIFS('TH theo khach hang'!$K$209:$K$308,'TH theo khach hang'!$M$209:$M$308,B41) -> 0 | M41: =C41+K41 -> 0 | N41: =D41+L41 -> 854990000
B42: Tổng cộng | C42: =SUM(C30:C41) -> 0 | D42: =SUM(D30:D41) -> 854990000 | E42: =SUM(E30:E41) -> 0 | F42: =SUM(F30:F41) -> 0 | G42: =SUM(G30:G41) -> 0 | H42: =SUM(H30:H41) -> 854990000 | I42: =SUM(I30:I41) -> 0 | J42: =SUM(J30:J41) -> 0 | ... N42: =SUM(N30:N41) -> 854990000
A43: Dữ liệu vẽ biểu đồ
C44: UNI | F44: G2B
A45: TT | B45: Hạng mục | C45: Kế hoạch năm | D45: Kế hoạch còn lại | E45: Dự kiến đạt được | F45: Kế hoạch năm | G45: Kế hoạch còn lại | H45: Dự kiến đạt được
A46: 1 | B46: KH năm | C46: ='Tong hop (TH)'!F49 -> 10000000000 | F46: ='Tong hop (TH)'!I49 -> 9000000000
A47: 2 | B47: KH còn lại | D47: =C46-E48 -> 10000000000 | G47: ='Tong hop (TH)'!I49-'Tong hop (TH)'!K49 -> 9000000000
A48: 3 | B48: Thực tế (đạt) | E48: ='Tong hop (TH)'!H49 -> 0 | H48: ='Tong hop (TH)'!K49 -> 0
A49: 4 | B49: Nguồn thu (HĐ đã ký) | E49: =K42 -> 0 | H49: =L42 -> 0
A50: 5 | B50: Nguồn DT dự kiến | E50: =C42 -> 0 | H50: =D42 -> 854990000
B51: Tổng cộng | C51: =SUM(C46:C50) -> 10000000000 | D51: =SUM(D46:D50) -> 10000000000 | E51: =SUM(E46:E50) -> 0 | F51: =SUM(F46:F50) -> 9000000000 | G51: =SUM(G46:G50) -> 9000000000 | H51: =SUM(H46:H50) -> 854990000
A53: Nhóm UNI
A54: TT | B54: Đánh giá mức đột đạt được | C54: Hợp đồng | D54: Doanh thu
A55: 1 | B55: Mức 1: Đạt 80-100% (HĐ đã ký) | D55: =K42 -> 0
A56: 2 | B56: Mức 1: Đạt 80-100% | C56: =E17 -> 0 | D56: =E42 -> 0
A57: 3 | B57: Mức 2: Đạt 50-79% | C57: =F17 -> 0 | D57: =F42 -> 0
A58: 4 | B58: Mức 3: Dưới 50% | C58: =G17 -> 0 | D58: =G42 -> 0
B59: Tổng cộng | C59: =SUM(C55:C58) -> 0 | D59: =SUM(D55:D58) -> 0
A61: Nhóm G2B
A62: TT | B62: Mức | C62: Hợp đồng | D62: Doanh thu
A63: 1 | B63: Mức 1: Đạt 80-100% (HĐ đã ký) | D63: =L42 -> 0
A64: 2 | B64: Mức 1: Đạt 80-100% | C64: =H17 -> 854990000 | D64: =H42 -> 854990000
A65: 3 | B65: Mức 2: Đạt 50-79% | C65: =I17 -> 0 | D65: =I42 -> 0
A66: 4 | B66: Mức 3: Dưới 50% | C66: =J17 -> 0 | D66: =J42 -> 0
B67: Tổng cộng | C67: =SUM(C63:C66) -> 854990000 | D67: =SUM(D63:D66) -> 854990000

Sheet Vtiger
A1: Nhóm | B1: Đơn vị | C1: Dự án/Cơ hội | D1: Năm | E1: Kế hoạch | F1: Hợp đồng | G1: Mức độ đạt được | H1: DT - Lần 1 | I1: Tháng DT - Lần 1 | J1: Giá trị DT - Lần 2 | K1: Tháng DT - Lần 2 | L1: # | M1: Doanh thu | N1: Thông tin mới nhất
A2: UNI | B2: Trường Đại học Luật - Đại học Huế | C2: ĐH Luật Huế: Chuẩn đầu ra | N2: Anh Sơn hẹn trong tháng 12 này sẽ ck trước 50tr tiền mặt (không ký HĐ)
A3: G2B | B3: Tập Đoàn CT Group | C3: CT Group: Báo giá web | D3: Khác | N3: Chờ Anh Tuấn thống nhất yêu cầu bên Phòng Truyền thông, sau đó mới xúc tiến ký hợp đồng được. Vẫn chưa có thông tin
A4: G2B | B4: Sở Khoa học và Công nghệ tỉnh Cà Mau | C4: Sở KHCN Cà Mau: Dự án QLDA | D4: Khác | E4: Tháng 12 | F4: 854990000 | G4: Mức 1: Đạt 80-100% | H4: 854990000 | I4: Tháng 12 | J4: 0 | K4: - | L4: Mới | M4: =SUM(H4+J4) -> 854990000 | N4: Tiếp tục trình Sở TC thẩm định, trình UBND tỉnh phê duyệt BC
A32: Nhóm | B32: Đơn vị | C32: Dự án/Cơ hội | D32: Năm | E32: Kế hoạch | F32: Hợp đồng | G32: Mức độ đạt được | H32: DT - Lần 1 | I32: Tháng DT - Lần 1 | J32: Giá trị DT - Lần 2 | K32: Tháng DT - Lần 2 | L32: Loại cơ hội | M32: Doanh thu | N32: Thông tin mới nhất | O32: x
A33: G2B | B33: Bệnh viện Đa khoa Khu vực Ba Tri | C33: BV Ba Tri: Triển khai phần mềm quản lý bệnh án điện tử | D33: Khác | E33: Z Chưa xác định | F33: 1065600000 | G33: Ghi nhận theo dõi | L33: Mới | M33: =SUM(H33+J33) -> 0 | N33: Nguồn năm 2026 | O33: x
A34: G2B | B34: Kinh doanh | C34: Cho thuê phần mềm QKSL | D34: 2025 | E34: Z Chưa xác định | F34: 20000000 | G34: Ghi nhận theo dõi | H34: 20000000 | I34: Tháng 12 | K34: - | L34: Mới | M34: =SUM(H34+J34) -> 20000000
A35: UNI | B35: Hải Phong JSC - Trường Cao Đẳng Kỹ Thuật - Công nghệ Bách Khoa - CTECH | C35: CTECH: Thực hiện API chia sẻ dữ liệu từ phân hệ Quản lý Thời khóa biểu và Quản lý điểm danh | D35: 2025 | E35: Z Chưa xác định | F35: 60000000 | G35: Ghi nhận theo dõi | H35: 60000000 | I35: Tháng 11 | K35: - | L35: Mới | M35: =SUM(H35+J35) -> 60000000
A36: G2B | B36: Huyện ủy Cù Lao Dung | C36: Cù Lao Dung: Dự án CĐS | D36: 2025 | E36: Z Chưa xác định | F36: 500000000 | G36: Ghi nhận theo dõi | H36: 150000000 | I36: Tháng 12 | K36: - | L36: Mới | M36: =SUM(H36+J36) -> 150000000
A37: UNI | B37: Trường Cao đẳng Gia Lai | C37: CĐ Gia Lai: Phần mềm UIIS | D37: 2025 | E37: Z Chưa xác định | F37: 600000000 | G37: Ghi nhận theo dõi | H37: 180000000 | I37: Tháng 09 | J37: 420000000 | K37: Tháng 12 | L37: Mới | M37: =SUM(H37+J37) -> 600000000
A38: UNI | B38: Trường Cao đẳng Thống kê II | C38: CĐ Thống kê II: Báo giá các phân hệ phần mềm QLĐT | D38: Khác | E38: Z Chưa xác định | F38: 1297300000 | G38: Ghi nhận theo dõi | H38: 389190000 | I38: Tháng 12 | J38: 908110000 | K38: Tháng 12 | L38: Mới | M38: =SUM(H38+J38) -> 1297300000
A39: UNI | B39: Trường Cao đẳng Đắk Lắk | C39: CĐ Đắk Lắk: Phần mềm QLĐT | D39: Khác | E39: Z Chưa xác định | F39: 600000000 | G39: Ghi nhận theo dõi | H39: 180000000 | I39: Tháng 12 | K39: - | L39: Mới | M39: =SUM(H39+J39) -> 180000000
A40: UNI | B40: Trường Cao Đẳng Đắk Nông | C40: CĐ Đắk Nông: Phần mềm QLĐT | D40: Khác | E40: Z Chưa xác định | F40: 600000000 | G40: Ghi nhận theo dõi | H40: 180000000 | I40: Tháng 12 | K40: - | L40: Mới | M40: =SUM(H40+J40) -> 180000000
A41: UNI | B41: Trường Cao đẳng Y tế An Giang | C41: CĐYT An Giang: Nâng cấp UIIS | D41: 2025 | E41: Z Chưa xác định | F41: 259700000 | G41: Ghi nhận theo dõi | H41: 77910000 | I41: Tháng 09 | J41: 181790000 | K41: Tháng 11 | L41: Mới | M41: =SUM(H41+J41) -> 259700000
A42: UNI | B42: Trường Đại học Nam Cần Thơ | C42: DNC: Báo giá phần mềm UIIS | D42: Khác | E42: Z Chưa xác định | F42: 5550000000 | G42: Ghi nhận theo dõi | L42: Mới | M42: =SUM(H42+J42) -> 0 | N42: Đã gửi báo giá. Không có thông tin | O42: xx
A43: UNI | B43: Học viện Chính trị Khu vực IV | C43: Học viện IV: Báo giá OJS tiếng Việt | D43: Khác | E43: Z Chưa xác định | F43: 160000000 | G43: Ghi nhận theo dõi | L43: Mới | M43: =SUM(H43+J43) -> 0 | N43: Đã gửi báo giá. Liên hệ Anh Dũng nhưng không có phản hồi | O43: xx
A44: G2B | B44: Kinh doanh | C44: Kiểm thử phần mềm 1 | D44: 2025 | E44: Z Chưa xác định | F44: 50000000 | G44: Ghi nhận theo dõi | H44: 50000000 | I44: Tháng 12 | K44: - | L44: Mới | M44: =SUM(H44+J44) -> 50000000
A45: G2B | B45: Kinh doanh | C45: Kiểm thử phần mềm 2 | D45: 2025 | E45: Z Chưa xác định | F45: 50000000 | G45: Ghi nhận theo dõi | H45: 50000000 | I45: Tháng 12 | K45: - | L45: Mới | M45: =SUM(H45+J45) -> 50000000
A46: G2B | B46: Kinh doanh | C46: Kiểm thử phần mềm 3 | D46: 2025 | E46: Z Chưa xác định | F46: 50000000 | G46: Ghi nhận theo dõi | H46: 50000000 | I46: Tháng 12 | K46: - | L46: Mới | M46: =SUM(H46+J46) -> 50000000
A47: UNI | B47: Ngân hàng Thương mại Cổ phần Kiên Long (KienLongbank) | C47: KienLongbank: Báo giá UIIS cho trường Cao đẳng | D47: 2025 | E47: Z Chưa xác định | F47: 596283000 | G47: Ghi nhận theo dõi | H47: 178884900 | I47: Tháng 11 | J47: 417398100 | K47: Tháng 12 | L47: Mới | M47: =SUM(H47+J47) -> 596283000
A48: UNI | B48: Ngân hàng Thương mại Cổ phần Kiên Long (KienLongbank) | C48: KienLongbank: Báo giá UIIS cho trường Đại học | D48: 2025 | E48: Z Chưa xác định | F48: 735652000 | G48: Ghi nhận theo dõi | H48: 220695600 | I48: Tháng 11 | J48: 514956400 | K48: Tháng 12 | L48: Mới | M48: =SUM(H48+J48) -> 735652000
A49: G2B | B49: Phường Bạc Liêu - Cà Mau | C49: P. Bạc Liêu: Đề xuất các nghiệm vụ KHCN | D49: Khác | E49: Z Chưa xác định | F49: 0 | G49: Ghi nhận theo dõi | L49: Mới | M49: =SUM(H49+J49) -> 0 | N49: Đã gửi thuyết minh. Đã liên hệ nhưng không có thông tin | O49: xx
A50: G2B | B50: Kinh doanh | C50: Phần mềm Quản lý lái xe 1 | D50: 2025 | E50: Z Chưa xác định | F50: 100000000 | G50: Ghi nhận theo dõi | H50: 100000000 | I50: Tháng 12 | K50: - | L50: Mới | M50: =SUM(H50+J50) -> 100000000
A51: G2B | B51: Kinh doanh | C51: Phần mềm Quản lý lái xe 2 | D51: 2025 | E51: Z Chưa xác định | F51: 100000000 | G51: Ghi nhận theo dõi | H51: 100000000 | I51: Tháng 12 | K51: - | L51: Mới | M51: =SUM(H51+J51) -> 100000000
A52: G2B | B52: Sở Khoa học và Công nghệ tỉnh Cà Mau | C52: Sở KHCN Cà Mau: Dự án QLDA, QLSK | D52: Khác | E52: Z Chưa xác định | F52: 2400000000 | G52: Ghi nhận theo dõi | H52: 0 | I52: - | K52: - | L52: Mới | M52: =SUM(H52+J52) -> 0 | N52: Đã gửi thuyết minh và báo giá
A53: G2B | B53: Sở Khoa học và Công nghệ tỉnh Cà Mau | C53: Sở KHCN Cà Mau: Nâng cấp và nhân rộng ISO điện tử | D53: Khác | E53: Z Chưa xác định | F53: 2690500000 | G53: Ghi nhận theo dõi | L53: Mới | M53: =SUM(H53+J53) -> 0 | N53: Nguồn năm 2026 | O53: x
A54: G2B | B54: Sở Khoa học và Công nghệ tỉnh Sóc Trăng | C54: Sở KHCN Sóc Trăng: Nâng cấp QLSK | D54: 2025 | E54: Z Chưa xác định | F54: 800000000 | G54: Ghi nhận theo dõi | H54: 240000000 | I54: Tháng 08 | J54: 560000000 | K54: Tháng 12 | L54: Mới | M54: =SUM(H54+J54) -> 800000000
A55: G2B | B55: Sở Khoa học và Công nghệ tỉnh Vĩnh Long | C55: Sở KHCN VL: Triển khai ISO điện tử | D55: Khác | E55: Z Chưa xác định | F55: 2000000000 | G55: Ghi nhận theo dõi | L55: Mới | M55: =SUM(H55+J55) -> 0 | N55: Nguồn năm 2026 | O55: x
A56: G2B | B56: Sở Khoa học và Công nghệ tỉnh Ninh Bình | C56: Sở KHCN: Nhân rộng ISO Điện tử | D56: Khác | E56: Z Chưa xác định | F56: 2000000000 | G56: Ghi nhận theo dõi | L56: Mới | M56: =SUM(H56+J56) -> 0 | N56: Chưa có chủ trương chính thức thực hiện nhân rộng | O56: xx
A57: UNI | B57: - | C57: Triển khai 1 Trường Khu vực ĐNB: Chuyển đổi số | D57: Khác | E57: Z Chưa xác định | F57: 300000000 | G57: Ghi nhận theo dõi | H57: 90000000 | I57: Tháng 12 | K57: - | L57: Mới | M57: =SUM(H57+J57) -> 90000000
A58: G2B | B58: Trung tâm Y tế Huyện Châu Thành - Bến Tre | C58: TTYT Châu Thành: Phần mềm HRM | D58: Khác | E58: Z Chưa xác định | F58: 200000000 | G58: Ghi nhận theo dõi | L58: Mới | M58: =SUM(H58+J58) -> 0 | N58: Bệnh viện tập trung triển khai Bệnh Án điện tử | O58: xx
A59: G2B | B59: Ngân hàng phát triển Việt Nam - Chi nhánh Cần Thơ | C59: VDB: Phần mềm Quản lý lưu trữ | D59: Khác | E59: Z Chưa xác định | F59: 150000000 | G59: Ghi nhận theo dõi | L59: Mới | M59: =SUM(H59+J59) -> 0 | N59: Chưa có nguồn kinh phí thực hiện | O59: xx
A60: UNI | B60: VKU - Đại học Công nghệ thông tin và Truyền thông Việt - Hàn | C60: VKU - Báo giá phần mềm Quản lý đạo tạo UIIS | D60: Khác | E60: Z Chưa xác định | F60: 2206200000 | G60: Ghi nhận theo dõi | L60: Mới | M60: =SUM(H60+J60) -> 0 | N60: Không có thông tin mới | O60: xx
A61: UNI | B61: ĐH Bắc Sài Gòn | C61: ĐH Bắc Sài Gòn: Phần mềm Quản lý đào tạo | D61: Khác | E61: Z Chưa xác định | F61: 1000000000 | G61: Ghi nhận theo dõi | L61: Mới | M61: =SUM(H61+J61) -> 0 | N61: Thầy Lân nói trường chưa hoạt động, chắc phải sang năm sau | O61: x
A62: UNI | B62: Trường Đại học Kinh tế - Đại học Huế | C62: ĐH Kinh tế Huế: Phần mềm UIIS | D62: Khác | E62: Z Chưa xác định | F62: 1393100000 | G62: Ghi nhận theo dõi | L62: Mới | M62: =SUM(H62+J62) -> 0 | N62: Không có thông tin mới | O62: xx
A63: UNI | B63: Trường Đại học Luật - Đại học Huế | C63: ĐH Luật Huế: Báo giá nâng cấp 4 phân hệ => Rà soát UIIS | D63: 2025 | E63: Z Chưa xác định | F63: 436364000 | G63: Ghi nhận theo dõi | H63: 130909200 | I63: Tháng 12 | J63: 305454800 | K63: Tháng 12 | L63: Mới | M63: =SUM(H63+J63) -> 436364000
A64: UNI | B64: Trường Đại học Luật - Đại học Huế | C64: ĐH Luật Huế: Báo giá phần mềm Quản lý văn bản, lịch biểu công tác (e-Office) | D64: 2025 | E64: Z Chưa xác định | F64: 350000000 | G64: Ghi nhận theo dõi | H64: 105000000 | I64: Tháng 07 | J64: 245000000 | K64: Tháng 10 | L64: Mới | M64: =SUM(H64+J64) -> 350000000
A65: UNI | B65: Trường Đại học Ngoại ngữ - Đại học Huế | C65: ĐH Ngoại ngữ - ĐH Huế: Phần mềm UIIS | D65: Khác | E65: Z Chưa xác định | F65: 1393100000 | G65: Ghi nhận theo dõi | L65: Mới | M65: =SUM(H65+J65) -> 0 | N65: Không có thông tin mới | O65: xx
A66: UNI | B66: Trường Đại học Nông Lâm TP. Hồ Chí Minh | C66: ĐH Nông Lâm TP. HCM: Báo giá phần mềm QLĐT | D66: Khác | E66: Z Chưa xác định | F66: 3172829000 | G66: Ghi nhận theo dõi | H66: 951848700 | I66: Tháng 12 | J66: 2220980300 | K66: Tháng 12 | L66: Mới | M66: =SUM(H66+J66) -> 3172829000
A67: UNI | B67: Trường Đại học Phú Xuân | C67: ĐH Phú Xuân: Phần mềm UIIS | D67: Khác | E67: Z Chưa xác định | F67: 559690000 | G67: Ghi nhận theo dõi | L67: Mới | M67: =SUM(H67+J67) -> 0 | N67: Sử dụng phần mềm cũ. Không có thông tin mới | O67: xx
A68: UNI | B68: Trường Đại học Phú Yên | C68: ĐH Phú Yên: Nâng cấp UIIS | D68: Khác | E68: Z Chưa xác định | F68: 315800000 | G68: Ghi nhận theo dõi | L68: Mới | M68: =SUM(H68+J68) -> 0 | N68: Không có thông tin mới | O68: xx
A69: UNI | B69: Trường Đại học Tiền Giang | C69: ĐH Tiền Giang: Tích hợp với moodle, bổ sung hệ đào tạo từ xa | D69: 2025 | E69: Z Chưa xác định | F69: 98800000 | G69: Ghi nhận theo dõi | H69: 29640000 | I69: Tháng 10 | J69: 69160000 | K69: Tháng 12 | L69: Mới | M69: =SUM(H69+J69) -> 98800000 | N69: Không có thông tin mới
A70: UNI | B70: Trường Đại học Y Dược - Đại học Huế | C70: ĐH Y dược Huế: Nâng cấp UIIS (Cải tiến CTĐT, CĐR, QLSK,..) | D70: Khác | E70: Z Chưa xác định | F70: 0 | G70: Ghi nhận theo dõi | L70: Mới | M70: =SUM(H70+J70) -> 0 | N70: Không có thông tin mới | O70: xx
A71: UNI | B71: Trường Đại học Sư phạm Đà Nẵng | C71: ĐHSP ĐN - Nâng cấp UIIS (Kiểm tra nề nếp, Đăng ký lịch dạy SĐH) | D71: 2025 | E71: Z Chưa xác định | F71: 68500000 | G71: Ghi nhận theo dõi | H71: 68500000 | I71: Tháng 09 | K71: - | L71: Mới | M71: =SUM(H71+J71) -> 68500000
A72: G2B | B72: Trường Đại học Sư phạm Đà Nẵng | C72: ĐHSP ĐN: Phần mềm HRM | D72: Khác | E72: Z Chưa xác định | F72: 0 | G72: Ghi nhận theo dõi | L72: Mới | M72: =SUM(H72+J72) -> 0 | N72: Không có thông tin mới | O72: xx
A73: UNI | B73: Trường Đại học Sư phạm Đà Nẵng | C73: ĐHSP ĐN: Triển khai App SV (GĐ2) | D73: 2025 | E73: Z Chưa xác định | F73: 90000000 | G73: Ghi nhận theo dõi | H73: 90000000 | I73: Tháng 07 | K73: - | L73: Mới | M73: =SUM(H73+J73) -> 90000000
A74: UNI | B74: Trường Đại học Y dược Buôn Ma Thuột | C74: ĐHYD BMT: Bổ sung chức năng tính điểm tương đương/ thay thế | D74: Khác | E74: Z Chưa xác định | F74: 63162000 | G74: Ghi nhận theo dõi | L74: Mới | M74: =SUM(H74+J74) -> 0 | N74: Không có thông tin mới | O74: xx
A75: UNI | B75: Trường Đại học Nam Cần Thơ | C75: DNC: Báo giá phần mềm OJS phiên bản tiếng Việt | D75: Khác | E75: Z Chưa xác định | F75: 190000000 | G75: Ghi nhận theo dõi | L75: Mới | M75: =SUM(H75+J75) -> 0 | N75: Liên hệ theo dõi, chưa phản hồi | O75: xx
A76: UNI | B76: Trường Cao đẳng nghề Sóc Trăng | C76: CĐ Nghề Sóc Trăng: Phần mềm Đánh giá NSLD và Đảng viên | D76: Khác | E76: Z Chưa xác định | F76: 355232000 | G76: Ghi nhận theo dõi | L76: Mới | M76: =SUM(H76+J76) -> 0 | N76: Gửi báo giá cho trường tham khảo. Không có thông tin mới | O76: xx
A77: UNI | B77: Trường Cao đẳng Xây dựng Công trình Đô thị Hà Nội | C77: CĐ XD CT ĐT Hà Nội: Phần mềm UIIS | D77: Khác | E77: Z Chưa xác định | F77: 697917000 | G77: Ghi nhận theo dõi | L77: Mới | M77: =SUM(H77+J77) -> 0 | N77: Trường đầu tư phần cứng trước; phần mềm qua năm 2026. | O77: x
A78: UNI | B78: Trường Đại học Y Dược, Đại học Thái Nguyên | C78: ĐHYD Thái Nguyên: Phần mềm UIIS | D78: Khác | E78: Z Chưa xác định | F78: 6000000000 | G78: Ghi nhận theo dõi | L78: Mới | M78: =SUM(H78+J78) -> 0 | N78: Nguồn năm 2026 | O78: x
O79: x
A80: UNI | B80: Trường Cao đẳng Cộng đồng Sóc Trăng | C80: CĐ Cộng đồng Sóc Trăng: Bổ sung QL Xét TKB và 2 App | D80: Khác | E80: Z Chưa xác định | F80: 289736000 | G80: Ghi nhận theo dõi | L80: Mới | M80: =SUM(H80+J80) -> 0 | N80: Không có thông tin mới | O80: xx
A81: UNI | B81: Trường Đại học Sư phạm Đà Nẵng | C81: UED: báo giá quản lý hỏi đáp sinh viên | D81: 2025 | E81: Tháng 09 | F81: 28570000 | H81: 28570000 | I81: Tháng 09 | J81: 0 | K81: - | L81: Mới | M81: =SUM(H81+J81) -> 28570000
A82: UNI | B82: Trường Đại học Sư phạm Đà Nẵng | C82: ĐHSP ĐN:Báo giá Nâng cấp Nghị định 116 | D82: 2025 | E82: Tháng 09 | F82: 83800000 | H82: 83800000 | I82: Tháng 10 | J82: 0 | K82: - | L82: Mới | M82: =SUM(H82+J82) -> 83800000
A83: G2B | B83: Sở Khoa học và Công nghệ tỉnh Đồng Tháp | C83: Sở KHCN Đồng Tháp: Đào tạo QLSK | D83: Khác | E83: Tháng 12 | F83: 99000000 | H83: 99000000 | I83: Tháng 12 | J83: 0 | K83: - | L83: Mới | M83: =SUM(H83+J83) -> 99000000
A84: UNI | B84: Trung tâm đào tạo và sát hạch lái xe Trường Cao đẳng Kiên Giang | C84: TT Sát hạch KG: Kết nối thu phí ngân hàng VCB | D84: 2025 | E84: Tháng 10 | F84: 60000000 | H84: 18000000 | I84: Tháng 09 | J84: 42000000 | K84: Tháng 10 | L84: Mới | M84: =SUM(H84+J84) -> 60000000
A85: G2B | B85: Bệnh viện Lao và Bệnh Phổi tỉnh Bạc Liêu | C85: BV Lao phổi BL: Tích hợp tra cứu BHYT | D85: Khác | E85: Tháng 10 | F85: 18480000 | H85: 18480000 | I85: Tháng 11 | L85: Mới | M85: =SUM(H85+J85) -> 18480000
A86: UNI | B86: Trường Đại học Luật - Đại học Huế | C86: ĐH Luật Huế: Báo giá nâng cấp 2025 | D86: 2025 | E86: Tháng 12 | F86: 500000000 | H86: 150000000 | I86: Tháng 12 | J86: 0 | K86: - | L86: Mới | M86: =SUM(H86+J86) -> 150000000 | N86: Nhờ nhóm dự án cho ý kiến về các nội dung Nâng cấp năm 2025 có thực hiện không.
A87: G2B | B87: Sở Khoa học và Công nghệ tỉnh Cà Mau | C87: Sở KHCN Cà Mau: Website AI hỗ trợ nuôi tôm theo mô hình RAS-IMTA | D87: Khác | E87: Tháng 12 | F87: 1000000000 | H87: =F87 -> 1000000000 | I87: Tháng 12 | J87: 0 | K87: - | L87: Mới | M87: =SUM(H87+J87) -> 1000000000 | N87: Chủ trương thực hiện năm 2026
A88: UNI | B88: Đại học Sư phạm, Đại học Huế | C88: ĐHSP Huế: Báo giá phần mềm CUSC-UIIS | D88: 2025 | E88: Tháng 12 | F88: 3016200000 | H88: 904860000 | I88: Tháng 12 | J88: 0 | K88: - | L88: Mới | M88: =SUM(H88+J88) -> 904860000 | N88: ĐH Huế đang thẩm định, phê duyệt. Chưa có kết quả, đánh giá khả năng không thực hiện được trong năm 2025.
A89: UNI | B89: Trung tâm đào tạo và sát hạch lái xe Trường Cao đẳng Kiên Giang | C89: TT sát hạch CĐKG: Liên kết học phí với BIDV | D89: 2025 | E89: Tháng 12 | F89: 60000000 | H89: 60000000 | I89: Tháng 12 | J89: 0 | K89: - | L89: Mới | M89: =SUM(H89+J89) -> 60000000 | N89: Qua năm 2026 mới thực hiện. VCB hết nguồn kinh phí tài trợ.
A90: G2B | B90: Trung tâm GDNN Sát hạch lái xe Đồng Bằng (tư thục) | C90: Trung tâm GDNN Sát hạch lái xe Đồng Bằng: Báo giá phần mềm QL lái xe + kết nối KLBank | D90: 2025 | E90: Tháng 12 | F90: 247000000 | H90: =F90*30% -> 74100000 | I90: Tháng 12 | J90: 0 | K90: - | L90: Mới | M90: =SUM(H90+J90) -> 74100000 | N90: Báo giá lại Lần 2

Sheet HD_Thucte
A1: NHÓM | B1: KHÁCH HÀNG | C1: SỐ HĐ | D1: NỘI DUNG | E1: GIÁ TRỊ | F1: NGÀY HĐ | G1: =I1+K1+M1 -> 2966000178 | H1: UNI | I1: =SUMIFS(E2:E999,A2:A999,"UNI") -> 194800000 | J1: G2B | K1: =SUMIFS(E2:E999,A2:A999,"G2B") -> 1767291000 | L1: ITO | M1: =SUMIFS(E2:E999,A2:A999,"ITO") -> 1003909178
A2: G2B | B2: Sở Khoa học và Công nghệ tỉnh Đồng Tháp | C2: 06/HĐ-CNPM-PM | D2: Bảo trì QLSK 2026 | E2: 17500000 | F2: 46023 | G2: BPPM
A3: UNI | B3: Trường Đại học Nông Lâm - Đại học Huế | C3: 07/HĐ-CNPM-PM | D3: Bảo trì phần mềm UIIS năm 2026 | E3: 40000000 | F3: 46023
A4: UNI | B4: Ngân hàng TMCP Phát triển Thành phố Hồ Chí Minh - Chi nhánh Cần Thơ | C4: 01/HĐ-CNPM-PM | D4: Bảo trì kỹ thuật phần mềm liên thông dữ liệu học phí và thu học phí qua Qrcode với HDBank | E4: 15800000 | F4: 46028
A5: UNI | B5: Trường Đại học Luật - Đại học Huế | C5: 03/HĐ-CNPM-PM | D5: Bảo trì phần mềm UIIS 2026 | E5: 26200000 | F5: 46041
A6: UNI | B6: Trường Đại học Kiên Giang | C6: 08/HĐ-CNPM-PM | D6: Bảo trì phần mềm UIIS 2026 | E6: 37800000 | F6: 46042
A7: UNI | B7: Trường Đại học Cần Thơ - CTU | C7: 04/HĐ-CNPM-PM | D7: CTU: Liên thông thu học phí với VietinBank | E7: 75000000 | F7: 46052
A8: G2B | B8: Bệnh viện Trường Đại học Y Dược Cần Thơ | C8: 078/BVTĐHYDCT-ĐHCT | D8: Gói thầu: Phần mềm hệ thống quản lý tăng huyết áp bằng trí tuệ nhân tạo | E8: 296291000 | F8: 46052
A9: ITO | B9: Nhóm ITO | C9: 012026_ITO | D9: Hợp đồng ITO tháng 01/2026 | E9: 1003909178 | F9: 46053
A10: G2B | B10: Sở Khoa học và Công nghệ tỉnh Quảng Ninh | C10: HD2600035092_2602121108 | D10: Thuê dịch vụ cập nhật, hiệu chỉnh phần mềm ISO điện tử; tích hợp trí tuệ nhân tạo (AI) phục vụ xây dựng, vận hành và cải tiến Hệ thống quản lý chất lượng theo tiêu chuẩn Quốc gia TCVN ISO 9001:2015 | E10: 1453500000 | F10: 46065
G99: Template Row

Sheet DT_Thucte
A1: NHÓM | B1: KHÁCH HÀNG | C1: SỐ HĐ | D1: NỘI DUNG | E1: GIÁ TRỊ | F1: NGÀY HĐ | G1: =I1+K1 -> 1167624400 | H1: UNI | I1: =SUMIFS(E2:E1000,A2:A1000,"UNI") -> 959092000 | J1: G2B | K1: =SUMIFS(E2:E1000,A2:A1000,"G2B") -> 208532400
A2: UNI | B2: Ngân hàng TMCP Phát triển Thành phố Hồ Chí Minh - Chi nhánh Cần Thơ | C2: 01/HĐ-CNPM-PM | D2: 01/HĐ-CNPM-PM: Thanh toán hợp đồng | E2: 15800000 | F2: 46036
A3: G2B | B3: Bệnh viện Lao và Bệnh Phổi tỉnh Bạc Liêu | C3: 310/HĐ-CNPM-PM | D3: 310/HĐ-CNPM-PM: Thanh toán lần cuối | E3: 6000000 | F3: 46038
A4: UNI | B4: Trường Đại học Luật - Đại học Huế | C4: 07/HĐ-CNPM-PM | D4: 07/HĐ-CNPM-PM: Thanh toán 100% | E4: 26200000 | F4: 46042
A5: UNI | B5: Trường Đại học Sư phạm Đà Nẵng | C5: 21.11/HĐKT/SP-CUSC | D5: 21.11/HĐKT/SP-CUSC: Thanh toán 100% | E5: 269466000 | F5: 46042
A6: G2B | B6: Công ty Cổ phần Chứng nhận và Giám định MekongCert | C6: 71/HĐ-CNPM-PM | D6: 71/HĐ-CNPM-PM: Thanh toán lần cuối | E6: 90000000 | F6: 46045
A7: UNI | B7: Trường Cao đẳng Kiên Giang | C7: 82/HĐ-CNPM-PM | D7: 82/HĐ-CNPM-PM: Thanh toán 100% | E7: 60000000 | F7: 46048
A8: UNI | B8: Trường Đại học Kiên Giang | C8: 54/HĐ-CNPM-PM | D8: 54/HĐ-CNPM-PM: Thanh toán 100% | E8: 80300000 | F8: 46049
A9: ITO | B9: Nhóm ITO | C9: 012026_ITO | D9: 012026_ITO: Doanh thu 100% | E9: 1003909178 | F9: 46053
A10: UNI | B10: Trường Đại học Kiên Giang | C10: 01/ĐHKG/2025 | D10: 01/ĐHKG/2025: Thanh toán 100% | E10: 37800000 | F10: 46058
A11: G2B | B11: Trường Đại học Cần Thơ - CTU | C11: 0212-25/HĐ-CNPM-PM | D11: 0212-25/HĐ-CNPM-PM: Tạm ứng 40% | E11: 112532400 | F11: 46059
A12: UNI | B12: Trường Đại học Cần Thơ - CTU | C12: 3112-25/HĐ-CNPM-PM | D12: 3112-25/HĐ-CNPM-PM_Tạm ứng 40% | E12: 469526000 | F12: 46077
G101: Template Row

Sheet KH DT_HD da ky
A1: NHÓM | B1: KHÁCH HÀNG | C1: SỐ HĐ | D1: NỘI DUNG | E1: GIÁ TRỊ | F1: NGÀY HĐ | G1: =I1+K1 -> 4898352856 | H1: UNI | I1: =SUMIFS(E2:E999,A2:A999,"UNI") -> 2181868188 | J1: G2B | K1: =SUMIFS(E2:E999,A2:A999,"G2B") -> 2716484668
A2: G2B | B2: Công ty Cổ phần May Meko | C2: 34/HĐ-CNPM-PM | D2: 34/HĐ-CNPM-PM: Thanh toán đợt cuối | E2: 87780000 | F2: 46037
A3: UNI | B3: Trường Đại học Nha Trang | C3: 143/HĐ-CNPM-PM | D3: 143/HĐ-CNPM-PM: Thanh toán 100% | E3: 258590000 | F3: 46043
A4: UNI | B4: Trường Cao đẳng Kiên Giang | C4: 29.09/HĐ-BIDV-CUSC-KGC | D4: 29.09/HĐ-BIDV-CUSC-KGC: Thanh toán lần cuối 70% | E4: 42000000 | F4: 46052
A5: UNI | B5: Trường Đại học Cần Thơ - CTU | C5: 3112-25/HĐ-CNPM-PM | D5: 3112-25/HĐ-CNPM-PM_Tạm ứng 40% | E5: 469526000 | F5: 46052
A6: UNI | B6: Trường Đại học Cần Thơ - CTU | C6: 04/HĐ-CNPM-PM | D6: 04/HĐ-CNPM-PM: Thanh toán 40% | E6: 30000000 | F6: 46065
A7: G2B | B7: Bệnh viện Trường Đại học Y Dược Cần Thơ | C7: 078/BVTĐHYDCT-ĐHCT | D7: 078/BVTĐHYDCT-ĐHCT: Tạm ứng 50 % | E7: 148145500 | F7: 46081
A8: G2B | B8: Công ty Cổ phần Thủy sản Sóc Trăng | C8: 172/HĐ-CNPM-PM | D8: 172/HĐ-CNPM-PM: Thanh toán lần cuối | E8: 105000000 | F8: 46081
A9: UNI | B9: Trường Đại học Sư phạm Đà Nẵng | C9: 11.12/HĐ-VIETIN-CUSC-UED | D9: 11.12/HĐ-VIETIN-CUSC-UED: Thanh toán 100% | E9: 70000000 | F9: 46094
A10: G2B | B10: Sở Khoa học và Công nghệ tỉnh Quảng Ninh | C10: HD2600035092_2602121108 | D10: HD2600035092_2602121108: Tạm ứng 40% | E10: 581400000 | F10: 46101
A11: G2B | B11: Công ty Cổ phần Cấp nước Cần Thơ 2 | C11: 78/HĐ-CNPM-PM | D11: 78/HĐ-CNPM-PM: Thanh toán lần cuối | E11: 390000000 | F11: 46115
A12: UNI | B12: Trường Đại học Cần Thơ - CTU | C12: 04/HĐ-CNPM-PM | D12: 04/HĐ-CNPM-PM: Thanh toán 60% | E12: 45000000 | F12: 46157
A13: G2B | B13: Sở Khoa học và Công nghệ tỉnh Quảng Ninh | C13: HD2600035092_2602121108 | D13: HD2600035092_2602121108: Tạm ứng 40% | E13: 872100000 | F13: 46167
... A23: UNI | B23: Trường Đại học Cần Thơ - CTU | C23: 3112-25/HĐ-CNPM-PM | D23: 3112-25/HĐ-CNPM-PM: Thanh toán lần cuối 60% | E23: 704290588 | F23: 46381

Sheet KH_Nam_Hieuchinh
A1: DIỄN GIẢI CHI TIẾT KẾ HOẠCH HIỆU CHỈNH THEO MỨC ĐỘ
A2: HỢP ĐỒNG
C3: KH đầu năm | G3: Nguồn Cơ hội tiềm năng | K3: UNI | N3: G2B | Q3: BPPM
A4: TT | B4: Tháng | C4: ITO | D4: UNI | E4: G2B | F4: BPPM | G4: ITO | H4: UNI | I4: G2B | J4: BPPM | K4: Mức 1: Đạt 80-100% | L4: Mức 2: Đạt 50-79% | M4: Mức 3: Dưới 50% | N4: Mức 1: Đạt 80-100% | O4: Mức 2: Đạt 50-79% | P4: Mức 3: Dưới 50% | Q4: Mức 1: Đạt 80-100% | R4: Mức 2: Đạt 50-79% | S4: Mức 3: Dưới 50%
A5: 1 | B5: Tháng 01 | C5: 950000000 | D5: 42200000 | E5: 66000000 | F5: =SUM(C5:E5) -> 1058200000 | G5: 950000000 | H5: =SUM(K5:M5) -> 42200000 | I5: =SUM(N5:P5) -> 66000000 | J5: =SUM(G5:I5) -> 1058200000 | K5: =SUMPRODUCT( (KH_CoHoi!$A$2:$A$998="UNI")* (KH_CoHoi!$E$2:$E$998=K$4)* (KH_CoHoi!$F$2:$F$998=$B5)* (KH_CoHoi!$G$2:$G$998) ) -> 42200000 | L5: =SUMPRODUCT( (KH_CoHoi!$A$2:$A$998="UNI")* (KH_CoHoi!$E$2:$E$998=L$4)* (KH_CoHoi!$F$2:$F$998=$B5)* (KH_CoHoi!$G$2:$G$998) ) -> 0 | M5: =SUMPRODUCT( (KH_CoHoi!$A$2:$A$998="UNI")* (KH_CoHoi!$E$2:$E$998=M$4)* (KH_CoHoi!$F$2:$F$998=$B5)* (KH_CoHoi!$G$2:$G$998) ) -> 0 | N5: =SUMPRODUCT( (KH_CoHoi!$A$2:$A$998="G2B")* (KH_CoHoi!$E$2:$E$998=N$4)* (KH_CoHoi!$F$2:$F$998=$B5)* (KH_CoHoi!$G$2:$G$998) ) -> 66000000 | O5: =SUMPRODUCT( (KH_CoHoi!$A$2:$A$998="G2B")* (KH_CoHoi!$E$2:$E$998=O$4)* (KH_CoHoi!$F$2:$F$998=$B5)* (KH_CoHoi!$G$2:$G$998) ) -> 0 | P5: =SUMPRODUCT( (KH_CoHoi!$A$2:$A$998="G2B")* (KH_CoHoi!$E$2:$E$998=P$4)* (KH_CoHoi!$F$2:$F$998=$B5)* (KH_CoHoi!$G$2:$G$998) ) -> 0 | Q5: =G5+K5+N5 -> 1058200000 | R5: =L5+O5 -> 0 | S5: =M5+P5 -> 0
A6: 2 | B6: Tháng 02 | C6: 950000000 | D6: 200000000 | E6: 1500000000 | F6: =SUM(C6:E6) -> 2650000000 | G6: 950000000 | H6: =SUM(K6:M6) -> 200000000 | I6: =SUM(N6:P6) -> 0 | J6: =SUM(G6:I6) -> 1150000000 | K6: =SUMPRODUCT( (KH_CoHoi!$A$2:$A$998="UNI")* (KH_CoHoi!$E$2:$E$998=K$4)* (KH_CoHoi!$F$2:$F$998=$B6)* (KH_CoHoi!$G$2:$G$998) ) -> 0 | L6: =SUMPRODUCT( (KH_CoHoi!$A$2:$A$998="UNI")* (KH_CoHoi!$E$2:$E$998=L$4)* (KH_CoHoi!$F$2:$F$998=$B6)* (KH_CoHoi!$G$2:$G$998) ) -> 200000000 | M6: =SUMPRODUCT( (KH_CoHoi!$A$2:$A$998="UNI")* (KH_CoHoi!$E$2:$E$998=M$4)* (KH_CoHoi!$F$2:$F$998=$B6)* (KH_CoHoi!$G$2:$G$998) ) -> 0 | N6: =SUMPRODUCT( (KH_CoHoi!$A$2:$A$998="G2B")* (KH_CoHoi!$E$2:$E$998=N$4)* (KH_CoHoi!$F$2:$F$998=$B6)* (KH_CoHoi!$G$2:$G$998) ) -> 0 | O6: =SUMPRODUCT( (KH_CoHoi!$A$2:$A$998="G2B")* (KH_CoHoi!$E$2:$E$998=O$4)* (KH_CoHoi!$F$2:$F$998=$B6)* (KH_CoHoi!$G$2:$G$998) ) -> 0 | P6: =SUMPRODUCT( (KH_CoHoi!$A$2:$A$998="G2B")* (KH_CoHoi!$E$2:$E$998=P$4)* (KH_CoHoi!$F$2:$F$998=$B6)* (KH_CoHoi!$G$2:$G$998) ) -> 0 | Q6: =G6+K6+N6 -> 950000000 | R6: =L6+O6 -> 200000000 | S6: =M6+P6 -> 0
A7: 3 | B7: Tháng 03 | C7: 950000000 | D7: 1000000000 | E7: 500000000 | F7: =SUM(C7:E7) -> 2450000000 | G7: 950000000 | H7: =SUM(K7:M7) -> 3115740000 | I7: =SUM(N7:P7) -> 0 | J7: =SUM(G7:I7) -> 4065740000 | K7: =SUMPRODUCT( (KH_CoHoi!$A$2:$A$998="UNI")* (KH_CoHoi!$E$2:$E$998=K$4)* (KH_CoHoi!$F$2:$F$998=$B7)* (KH_CoHoi!$G$2:$G$998) ) -> 39540000 | L7: =SUMPRODUCT( (KH_CoHoi!$A$2:$A$998="UNI")* (KH_CoHoi!$E$2:$E$998=L$4)* (KH_CoHoi!$F$2:$F$998=$B7)* (KH_CoHoi!$G$2:$G$998) ) -> 3076200000 | M7: =SUMPRODUCT( (KH_CoHoi!$A$2:$A$998="UNI")* (KH_CoHoi!$E$2:$E$998=M$4)* (KH_CoHoi!$F$2:$F$998=$B7)* (KH_CoHoi!$G$2:$G$998) ) -> 0 | N7: =SUMPRODUCT( (KH_CoHoi!$A$2:$A$998="G2B")* (KH_CoHoi!$E$2:$E$998=N$4)* (KH_CoHoi!$F$2:$F$998=$B7)* (KH_CoHoi!$G$2:$G$998) ) -> 0 | O7: =SUMPRODUCT( (KH_CoHoi!$A$2:$A$998="G2B")* (KH_CoHoi!$E$2:$E$998=O$4)* (KH_CoHoi!$F$2:$F$998=$B7)* (KH_CoHoi!$G$2:$G$998) ) -> 0 | P7: =SUMPRODUCT( (KH_CoHoi!$A$2:$A$998="G2B")* (KH_CoHoi!$E$2:$E$998=P$4)* (KH_CoHoi!$F$2:$F$998=$B7)* (KH_CoHoi!$G$2:$G$998) ) -> 0 | Q7: =G7+K7+N7 -> 989540000 | R7: =L7+O7 -> 3076200000 | S7: =M7+P7 -> 0
A8: 4 | B8: Tháng 04 | C8: 950000000 | D8: 800800000 | E8: 1000000000 | F8: =SUM(C8:E8) -> 2750800000 | G8: 950000000 | H8: =SUM(K8:M8) -> 2230600000 | I8: =SUM(N8:P8) -> 2690500000 | J8: =SUM(G8:I8) -> 5871100000 | K8: =SUMPRODUCT( (KH_CoHoi!$A$2:$A$998="UNI")* (KH_CoHoi!$E$2:$E$998=K$4)* (KH_CoHoi!$F$2:$F$998=$B8)* (KH_CoHoi!$G$2:$G$998) ) -> 30600000 | L8: =SUMPRODUCT( (KH_CoHoi!$A$2:$A$998="UNI")* (KH_CoHoi!$E$2:$E$998=L$4)* (KH_CoHoi!$F$2:$F$998=$B8)* (KH_CoHoi!$G$2:$G$998) ) -> 2200000000 | M8: =SUMPRODUCT( (KH_CoHoi!$A$2:$A$998="UNI")* (KH_CoHoi!$E$2:$E$998=M$4)* (KH_CoHoi!$F$2:$F$998=$B8)* (KH_CoHoi!$G$2:$G$998) ) -> 0 | N8: =SUMPRODUCT( (KH_CoHoi!$A$2:$A$998="G2B")* (KH_CoHoi!$E$2:$E$998=N$4)* (KH_CoHoi!$F$2:$F$998=$B8)* (KH_CoHoi!$G$2:$G$998) ) -> 0 | O8: =SUMPRODUCT( (KH_CoHoi!$A$2:$A$998="G2B")* (KH_CoHoi!$E$2:$E$998=O$4)* (KH_CoHoi!$F$2:$F$998=$B8)* (KH_CoHoi!$G$2:$G$998) ) -> 2690500000 | P8: =SUMPRODUCT( (KH_CoHoi!$A$2:$A$998="G2B")* (KH_CoHoi!$E$2:$E$998=P$4)* (KH_CoHoi!$F$2:$F$998=$B8)* (KH_CoHoi!$G$2:$G$998) ) -> 0 | Q8: =G8+K8+N8 -> 980600000 | R8: =L8+O8 -> 4890500000 | S8: =M8+P8 -> 0
A9: 5 | B9: Tháng 05 | C9: 950000000 | D9: 1357000000 | E9: 600000000 | F9: =SUM(C9:E9) -> 2907000000 | G9: 950000000 | H9: =SUM(K9:M9) -> 6049200000 | I9: =SUM(N9:P9) -> 2800800000 | J9: =SUM(G9:I9) -> 9800000000 | K9: =SUMPRODUCT( (KH_CoHoi!$A$2:$A$998="UNI")* (KH_CoHoi!$E$2:$E$998=K$4)* (KH_CoHoi!$F$2:$F$998=$B9)* (KH_CoHoi!$G$2:$G$998) ) -> 49200000 | L9: =SUMPRODUCT( (KH_CoHoi!$A$2:$A$998="UNI")* (KH_CoHoi!$E$2:$E$998=L$4)* (KH_CoHoi!$F$2:$F$998=$B9)* (KH_CoHoi!$G$2:$G$998) ) -> 6000000000 | M9: =SUMPRODUCT( (KH_CoHoi!$A$2:$A$998="UNI")* (KH_CoHoi!$E$2:$E$998=M$4)* (KH_CoHoi!$F$2:$F$998=$B9)* (KH_CoHoi!$G$2:$G$998) ) -> 0 | N9: =SUMPRODUCT( (KH_CoHoi!$A$2:$A$998="G2B")* (KH_CoHoi!$E$2:$E$998=N$4)* (KH_CoHoi!$F$2:$F$998=$B9)* (KH_CoHoi!$G$2:$G$998) ) -> 13600000 | O9: =SUMPRODUCT( (KH_CoHoi!$A$2:$A$998="G2B")* (KH_CoHoi!$E$2:$E$998=O$4)* (KH_CoHoi!$F$2:$F$998=$B9)* (KH_CoHoi!$G$2:$G$998) ) -> 2787200000 | P9: =SUMPRODUCT( (KH_CoHoi!$A$2:$A$998="G2B")* (KH_CoHoi!$E$2:$E$998=P$4)* (KH_CoHoi!$F$2:$F$998=$B9)* (KH_CoHoi!$G$2:$G$998) ) -> 0 | Q9: =G9+K9+N9 -> 1012800000 | R9: =L9+O9 -> 8787200000 | S9: =M9+P9 -> 0
A10: 6 | B10: Tháng 06 | C10: 950000000 | D10: 1200000000 | E10: 500000000 | F10: =SUM(C10:E10) -> 2650000000 | G10: 950000000 | H10: =SUM(K10:M10) -> 1900000000 | I10: =SUM(N10:P10) -> 1891700000 | J10: =SUM(G10:I10) -> 4741700000 | K10: =SUMPRODUCT( (KH_CoHoi!$A$2:$A$998="UNI")* (KH_CoHoi!$E$2:$E$998=K$4)* (KH_CoHoi!$F$2:$F$998=$B10)* (KH_CoHoi!$G$2:$G$998) ) -> 0 | L10: =SUMPRODUCT( (KH_CoHoi!$A$2:$A$998="UNI")* (KH_CoHoi!$E$2:$E$998=L$4)* (KH_CoHoi!$F$2:$F$998=$B10)* (KH_CoHoi!$G$2:$G$998) ) -> 1900000000 | M10: =SUMPRODUCT( (KH_CoHoi!$A$2:$A$998="UNI")* (KH_CoHoi!$E$2:$E$998=M$4)* (KH_CoHoi!$F$2:$F$998=$B10)* (KH_CoHoi!$G$2:$G$998) ) -> 0 | N10: =SUMPRODUCT( (KH_CoHoi!$A$2:$A$998="G2B")* (KH_CoHoi!$E$2:$E$998=N$4)* (KH_CoHoi!$F$2:$F$998=$B10)* (KH_CoHoi!$G$2:$G$998) ) -> 363000000 | O10: =SUMPRODUCT( (KH_CoHoi!$A$2:$A$998="G2B")* (KH_CoHoi!$E$2:$E$998=O$4)* (KH_CoHoi!$F$2:$F$998=$B10)* (KH_CoHoi!$G$2:$G$998) ) -> 0 | P10: =SUMPRODUCT( (KH_CoHoi!$A$2:$A$998="G2B")* (KH_CoHoi!$E$2:$E$998=P$4)* (KH_CoHoi!$F$2:$F$998=$B10)* (KH_CoHoi!$G$2:$G$998) ) -> 1528700000 | Q10: =G10+K10+N10 -> 1313000000 | R10: =L10+O10 -> 1900000000 | S10: =M10+P10 -> 1528700000
A11: 7 | B11: Tháng 07 | C11: 950000000 | D11: 900000000 | E11: 500000000 | F11: =SUM(C11:E11) -> 2350000000 | G11: 950000000 | H11: =SUM(K11:M11) -> 114240000 | I11: =SUM(N11:P11) -> 0 | J11: =SUM(G11:I11) -> 1064240000 | K11: =SUMPRODUCT( (KH_CoHoi!$A$2:$A$998="UNI")* (KH_CoHoi!$E$2:$E$998=K$4)* (KH_CoHoi!$F$2:$F$998=$B11)* (KH_CoHoi!$G$2:$G$998) ) -> 0 | L11: =SUMPRODUCT( (KH_CoHoi!$A$2:$A$998="UNI")* (KH_CoHoi!$E$2:$E$998=L$4)* (KH_CoHoi!$F$2:$F$998=$B11)* (KH_CoHoi!$G$2:$G$998) ) -> 114240000 | M11: =SUMPRODUCT( (KH_CoHoi!$A$2:$A$998="UNI")* (KH_CoHoi!$E$2:$E$998=M$4)* (KH_CoHoi!$F$2:$F$998=$B11)* (KH_CoHoi!$G$2:$G$998) ) -> 0 | N11: =SUMPRODUCT( (KH_CoHoi!$A$2:$A$998="G2B")* (KH_CoHoi!$E$2:$E$998=N$4)* (KH_CoHoi!$F$2:$F$998=$B11)* (KH_CoHoi!$G$2:$G$998) ) -> 0 | O11: =SUMPRODUCT( (KH_CoHoi!$A$2:$A$998="G2B")* (KH_CoHoi!$E$2:$E$998=O$4)* (KH_CoHoi!$F$2:$F$998=$B11)* (KH_CoHoi!$G$2:$G$998) ) -> 0 | P11: =SUMPRODUCT( (KH_CoHoi!$A$2:$A$998="G2B")* (KH_CoHoi!$E$2:$E$998=P$4)* (KH_CoHoi!$F$2:$F$998=$B11)* (KH_CoHoi!$G$2:$G$998) ) -> 0 | Q11: =G11+K11+N11 -> 950000000 | R11: =L11+O11 -> 114240000 | S11: =M11+P11 -> 0
A12: 8 | B12: Tháng 08 | C12: 950000000 | D12: 800000000 | E12: 1300000000 | F12: =SUM(C12:E12) -> 3050000000 | G12: 950000000 | H12: =SUM(K12:M12) -> 57300000 | I12: =SUM(N12:P12) -> 0 | J12: =SUM(G12:I12) -> 1007300000 | K12: =SUMPRODUCT( (KH_CoHoi!$A$2:$A$998="UNI")* (KH_CoHoi!$E$2:$E$998=K$4)* (KH_CoHoi!$F$2:$F$998=$B12)* (KH_CoHoi!$G$2:$G$998) ) -> 57300000 | L12: =SUMPRODUCT( (KH_CoHoi!$A$2:$A$998="UNI")* (KH_CoHoi!$E$2:$E$998=L$4)* (KH_CoHoi!$F$2:$F$998=$B12)* (KH_CoHoi!$G$2:$G$998) ) -> 0 | M12: =SUMPRODUCT( (KH_CoHoi!$A$2:$A$998="UNI")* (KH_CoHoi!$E$2:$E$998=M$4)* (KH_CoHoi!$F$2:$F$998=$B12)* (KH_CoHoi!$G$2:$G$998) ) -> 0 | N12: =SUMPRODUCT( (KH_CoHoi!$A$2:$A$998="G2B")* (KH_CoHoi!$E$2:$E$998=N$4)* (KH_CoHoi!$F$2:$F$998=$B12)* (KH_CoHoi!$G$2:$G$998) ) -> 0 | O12: =SUMPRODUCT( (KH_CoHoi!$A$2:$A$998="G2B")* (KH_CoHoi!$E$2:$E$998=O$4)* (KH_CoHoi!$F$2:$F$998=$B12)* (KH_CoHoi!$G$2:$G$998) ) -> 0 | P12: =SUMPRODUCT( (KH_CoHoi!$A$2:$A$998="G2B")* (KH_CoHoi!$E$2:$E$998=P$4)* (KH_CoHoi!$F$2:$F$998=$B12)* (KH_CoHoi!$G$2:$G$998) ) -> 0 | Q12: =G12+K12+N12 -> 1007300000 | R12: =L12+O12 -> 0 | S12: =M12+P12 -> 0
A13: 9 | B13: Tháng 09 | C13: 950000000 | D13: 1100000000 | E13: 1334000000 | F13: =SUM(C13:E13) -> 3384000000 | G13: 950000000 | H13: =SUM(K13:M13) -> 367732000 | I13: =SUM(N13:P13) -> 0 | J13: =SUM(G13:I13) -> 1317732000 | K13: =SUMPRODUCT( (KH_CoHoi!$A$2:$A$998="UNI")* (KH_CoHoi!$E$2:$E$998=K$4)* (KH_CoHoi!$F$2:$F$998=$B13)* (KH_CoHoi!$G$2:$G$998) ) -> 12500000 | L13: =SUMPRODUCT( (KH_CoHoi!$A$2:$A$998="UNI")* (KH_CoHoi!$E$2:$E$998=L$4)* (KH_CoHoi!$F$2:$F$998=$B13)* (KH_CoHoi!$G$2:$G$998) ) -> 0 | M13: =SUMPRODUCT( (KH_CoHoi!$A$2:$A$998="UNI")* (KH_CoHoi!$E$2:$E$998=M$4)* (KH_CoHoi!$F$2:$F$998=$B13)* (KH_CoHoi!$G$2:$G$998) ) -> 355232000 | N13: =SUMPRODUCT( (KH_CoHoi!$A$2:$A$998="G2B")* (KH_CoHoi!$E$2:$E$998=N$4)* (KH_CoHoi!$F$2:$F$998=$B13)* (KH_CoHoi!$G$2:$G$998) ) -> 0 | O13: =SUMPRODUCT( (KH_CoHoi!$A$2:$A$998="G2B")* (KH_CoHoi!$E$2:$E$998=O$4)* (KH_CoHoi!$F$2:$F$998=$B13)* (KH_CoHoi!$G$2:$G$998) ) -> 0 | P13: =SUMPRODUCT( (KH_CoHoi!$A$2:$A$998="G2B")* (KH_CoHoi!$E$2:$E$998=P$4)* (KH_CoHoi!$F$2:$F$998=$B13)* (KH_CoHoi!$G$2:$G$998) ) -> 0 | Q13: =G13+K13+N13 -> 962500000 | R13: =L13+O13 -> 0 | S13: =M13+P13 -> 355232000
A14: 10 | B14: Tháng 10 | C14: 950000000 | D14: 800000000 | E14: 800000000 | F14: =SUM(C14:E14) -> 2550000000 | G14: 950000000 | H14: =SUM(K14:M14) -> 12500000 | I14: =SUM(N14:P14) -> 0 | J14: =SUM(G14:I14) -> 962500000 | K14: =SUMPRODUCT( (KH_CoHoi!$A$2:$A$998="UNI")* (KH_CoHoi!$E$2:$E$998=K$4)* (KH_CoHoi!$F$2:$F$998=$B14)* (KH_CoHoi!$G$2:$G$998) ) -> 12500000 | L14: =SUMPRODUCT( (KH_CoHoi!$A$2:$A$998="UNI")* (KH_CoHoi!$E$2:$E$998=L$4)* (KH_CoHoi!$F$2:$F$998=$B14)* (KH_CoHoi!$G$2:$G$998) ) -> 0 | M14: =SUMPRODUCT( (KH_CoHoi!$A$2:$A$998="UNI")* (KH_CoHoi!$E$2:$E$998=M$4)* (KH_CoHoi!$F$2:$F$998=$B14)* (KH_CoHoi!$G$2:$G$998) ) -> 0 | N14: =SUMPRODUCT( (KH_CoHoi!$A$2:$A$998="G2B")* (KH_CoHoi!$E$2:$E$998=N$4)* (KH_CoHoi!$F$2:$F$998=$B14)* (KH_CoHoi!$G$2:$G$998) ) -> 0 | O14: =SUMPRODUCT( (KH_CoHoi!$A$2:$A$998="G2B")* (KH_CoHoi!$E$2:$E$998=O$4)* (KH_CoHoi!$F$2:$F$998=$B14)* (KH_CoHoi!$G$2:$G$998) ) -> 0 | P14: =SUMPRODUCT( (KH_CoHoi!$A$2:$A$998="G2B")* (KH_CoHoi!$E$2:$E$998=P$4)* (KH_CoHoi!$F$2:$F$998=$B14)* (KH_CoHoi!$G$2:$G$998) ) -> 0 | Q14: =G14+K14+N14 -> 962500000 | R14: =L14+O14 -> 0 | S14: =M14+P14 -> 0
A15: 11 | B15: Tháng 11 | C15: 950000000 | D15: 900000000 | E15: 900000000 | F15: =SUM(C15:E15) -> 2750000000 | G15: 950000000 | H15: =SUM(K15:M15) -> 60000000 | I15: =SUM(N15:P15) -> 3300000 | J15: =SUM(G15:I15) -> 1013300000 | K15: =SUMPRODUCT( (KH_CoHoi!$A$2:$A$998="UNI")* (KH_CoHoi!$E$2:$E$998=K$4)* (KH_CoHoi!$F$2:$F$998=$B15)* (KH_CoHoi!$G$2:$G$998) ) -> 0 | L15: =SUMPRODUCT( (KH_CoHoi!$A$2:$A$998="UNI")* (KH_CoHoi!$E$2:$E$998=L$4)* (KH_CoHoi!$F$2:$F$998=$B15)* (KH_CoHoi!$G$2:$G$998) ) -> 60000000 | M15: =SUMPRODUCT( (KH_CoHoi!$A$2:$A$998="UNI")* (KH_CoHoi!$E$2:$E$998=M$4)* (KH_CoHoi!$F$2:$F$998=$B15)* (KH_CoHoi!$G$2:$G$998) ) -> 0 | N15: =SUMPRODUCT( (KH_CoHoi!$A$2:$A$998="G2B")* (KH_CoHoi!$E$2:$E$998=N$4)* (KH_CoHoi!$F$2:$F$998=$B15)* (KH_CoHoi!$G$2:$G$998) ) -> 3300000 | O15: =SUMPRODUCT( (KH_CoHoi!$A$2:$A$998="G2B")* (KH_CoHoi!$E$2:$E$998=O$4)* (KH_CoHoi!$F$2:$F$998=$B15)* (KH_CoHoi!$G$2:$G$998) ) -> 0 | P15: =SUMPRODUCT( (KH_CoHoi!$A$2:$A$998="G2B")* (KH_CoHoi!$E$2:$E$998=P$4)* (KH_CoHoi!$F$2:$F$998=$B15)* (KH_CoHoi!$G$2:$G$998) ) -> 0 | Q15: =G15+K15+N15 -> 953300000 | R15: =L15+O15 -> 60000000 | S15: =M15+P15 -> 0
A16: 12 | B16: Tháng 12 | C16: 950000000 | D16: 1000000000 | E16: 1000000000 | F16: =SUM(C16:E16) -> 2950000000 | G16: 950000000 | H16: =SUM(K16:M16) -> 35000000 | I16: =SUM(N16:P16) -> 17500000 | J16: =SUM(G16:I16) -> 1002500000 | K16: =SUMPRODUCT( (KH_CoHoi!$A$2:$A$998="UNI")* (KH_CoHoi!$E$2:$E$998=K$4)* (KH_CoHoi!$F$2:$F$998=$B16)* (KH_CoHoi!$G$2:$G$998) ) -> 35000000 | L16: =SUMPRODUCT( (KH_CoHoi!$A$2:$A$998="UNI")* (KH_CoHoi!$E$2:$E$998=L$4)* (KH_CoHoi!$F$2:$F$998=$B16)* (KH_CoHoi!$G$2:$G$998) ) -> 0 | M16: =SUMPRODUCT( (KH_CoHoi!$A$2:$A$998="UNI")* (KH_CoHoi!$E$2:$E$998=M$4)* (KH_CoHoi!$F$2:$F$998=$B16)* (KH_CoHoi!$G$2:$G$998) ) -> 0 | N16: =SUMPRODUCT( (KH_CoHoi!$A$2:$A$998="G2B")* (KH_CoHoi!$E$2:$E$998=N$4)* (KH_CoHoi!$F$2:$F$998=$B16)* (KH_CoHoi!$G$2:$G$998) ) -> 17500000 | O16: =SUMPRODUCT( (KH_CoHoi!$A$2:$A$998="G2B")* (KH_CoHoi!$E$2:$E$998=O$4)* (KH_CoHoi!$F$2:$F$998=$B16)* (KH_CoHoi!$G$2:$G$998) ) -> 0 | P16: =SUMPRODUCT( (KH_CoHoi!$A$2:$A$998="G2B")* (KH_CoHoi!$E$2:$E$998=P$4)* (KH_CoHoi!$F$2:$F$998=$B16)* (KH_CoHoi!$G$2:$G$998) ) -> 0 | Q16: =G16+K16+N16 -> 1002500000 | R16: =L16+O16 -> 0 | S16: =M16+P16 -> 0
B17: Tổng cộng | C17: =SUM(C5:C16) -> 11400000000 | D17: =SUM(D5:D16) -> 10100000000 | E17: =SUM(E5:E16) -> 10000000000 | F17: =SUM(F5:F16) -> 31500000000 | G17: =SUM(G5:G16) -> 11400000000 | H17: =SUM(H5:H16) -> 14184512000 | I17: =SUM(I5:I16) -> 7469800000 | J17: =SUM(J5:J16) -> 33054312000 | ... S17: =SUM(S5:S16) -> 1883932000
A19: DOANH THU
C20: KH đầu năm | G20: Nguồn Cơ hội tiềm năng | K20: UNI | N20: G2B | Q20: BPPM
A21: TT | B21: Tháng | C21: ITO | D21: UNI | E21: G2B | F21: BPPM | G21: ITO | H21: UNI | I21: G2B | J21: BPPM | K21: Mức 1: Đạt 80-100% | L21: Mức 2: Đạt 50-79% | M21: Mức 3: Dưới 50% | N21: Mức 1: Đạt 80-100% | O21: Mức 2: Đạt 50-79% | P21: Mức 3: Dưới 50% | Q21: Mức 1: Đạt 80-100% | R21: Mức 2: Đạt 50-79% | S21: Mức 3: Dưới 50%
A22: 1 | B22: Tháng 01 | C22: 950000000 | D22: 851000000 | E22: 270000000 | F22: =SUM(C22:E22) -> 2071000000 | G22: 950000000 | H22: =SUM(K22:M22) -> 0 | I22: =SUM(N22:P22) -> 0 | J22: =SUM(G22:I22) -> 950000000 | K22: =SUMIFS( KH_CoHoi!$H$2:$H$998, KH_CoHoi!$A$2:$A$998, "UNI", KH_CoHoi!$E$2:$E$998, K$21, KH_CoHoi!$I$2:$I$998, TRIM($B22) ) + SUMIFS( KH_CoHoi!$J$2:$J$998, KH_CoHoi!$A$2:$A$998, "UNI", KH_CoHoi!$E$2:$E$998, K$21, KH_CoHoi!$K$2:$K$998, TRIM($B22) ) + SUMIFS( KH_CoHoi!$L$2:$L$998, KH_CoHoi!$A$2:$A$998, "UNI", KH_CoHoi!$E$2:$E$998, K$21, KH_CoHoi!$M$2:$M$998, TRIM($B22) ) -> 0 | L22: =SUMIFS( KH_CoHoi!$H$2:$H$998, KH_CoHoi!$A$2:$A$998, "UNI", KH_CoHoi!$E$2:$E$998, L$21, KH_CoHoi!$I$2:$I$998, TRIM($B22) ) + SUMIFS( KH_CoHoi!$J$2:$J$998, KH_CoHoi!$A$2:$A$998, "UNI", KH_CoHoi!$E$2:$E$998, L$21, KH_CoHoi!$K$2:$K$998, TRIM($B22) ) + SUMIFS( KH_CoHoi!$L$2:$L$998, KH_CoHoi!$A$2:$A$998, "UNI", KH_CoHoi!$E$2:$E$998, L$21, KH_CoHoi!$M$2:$M$998, TRIM($B22) ) -> 0 | M22: =SUMIFS( KH_CoHoi!$H$2:$H$998, KH_CoHoi!$A$2:$A$998, "UNI", KH_CoHoi!$E$2:$E$998, M$21, KH_CoHoi!$I$2:$I$998, TRIM($B22) ) + SUMIFS( KH_CoHoi!$J$2:$J$998, KH_CoHoi!$A$2:$A$998, "UNI", KH_CoHoi!$E$2:$E$998, M$21, KH_CoHoi!$K$2:$K$998, TRIM($B22) ) + SUMIFS( KH_CoHoi!$L$2:$L$998, KH_CoHoi!$A$2:$A$998, "UNI", KH_CoHoi!$E$2:$E$998, M$21, KH_CoHoi!$M$2:$M$998, TRIM($B22) ) -> 0 | N22: =SUMIFS( KH_CoHoi!$H$2:$H$998, KH_CoHoi!$A$2:$A$998, "G2B", KH_CoHoi!$E$2:$E$998, N$21, KH_CoHoi!$I$2:$I$998, TRIM($B22) ) + SUMIFS( KH_CoHoi!$J$2:$J$998, KH_CoHoi!$A$2:$A$998, "G2B", KH_CoHoi!$E$2:$E$998, N$21, KH_CoHoi!$K$2:$K$998, TRIM($B22) ) + SUMIFS( KH_CoHoi!$L$2:$L$998, KH_CoHoi!$A$2:$A$998, "G2B", KH_CoHoi!$E$2:$E$998, N$21, KH_CoHoi!$M$2:$M$998, TRIM($B22) ) -> 0 | O22: =SUMIFS( KH_CoHoi!$H$2:$H$998, KH_CoHoi!$A$2:$A$998, "G2B", KH_CoHoi!$E$2:$E$998, O$21, KH_CoHoi!$I$2:$I$998, TRIM($B22) ) + SUMIFS( KH_CoHoi!$J$2:$J$998, KH_CoHoi!$A$2:$A$998, "G2B", KH_CoHoi!$E$2:$E$998, O$21, KH_CoHoi!$K$2:$K$998, TRIM($B22) ) + SUMIFS( KH_CoHoi!$L$2:$L$998, KH_CoHoi!$A$2:$A$998, "G2B", KH_CoHoi!$E$2:$E$998, O$21, KH_CoHoi!$M$2:$M$998, TRIM($B22) ) -> 0 | P22: =SUMIFS( KH_CoHoi!$H$2:$H$998, KH_CoHoi!$A$2:$A$998, "G2B", KH_CoHoi!$E$2:$E$998, P$21, KH_CoHoi!$I$2:$I$998, TRIM($B22) ) + SUMIFS( KH_CoHoi!$J$2:$J$998, KH_CoHoi!$A$2:$A$998, "G2B", KH_CoHoi!$E$2:$E$998, P$21, KH_CoHoi!$K$2:$K$998, TRIM($B22) ) + SUMIFS( KH_CoHoi!$L$2:$L$998, KH_CoHoi!$A$2:$A$998, "G2B", KH_CoHoi!$E$2:$E$998, P$21, KH_CoHoi!$M$2:$M$998, TRIM($B22) ) -> 0 | Q22: =G22+K22+N22 -> 950000000 | R22: =L22+O22 -> 0 | S22: =M22+P22 -> 0
A23: 2 | B23: Tháng 02 | C23: 950000000 | D23: 30000000 | E23: 1405000000 | F23: =SUM(C23:E23) -> 2385000000 | G23: 950000000 | H23: =SUM(K23:M23) -> 0 | I23: =SUM(N23:P23) -> 0 | J23: =SUM(G23:I23) -> 950000000 | K23: =SUMIFS( KH_CoHoi!$H$2:$H$998, KH_CoHoi!$A$2:$A$998, "UNI", KH_CoHoi!$E$2:$E$998, K$21, KH_CoHoi!$I$2:$I$998, TRIM($B23) ) + SUMIFS( KH_CoHoi!$J$2:$J$998, KH_CoHoi!$A$2:$A$998, "UNI", KH_CoHoi!$E$2:$E$998, K$21, KH_CoHoi!$K$2:$K$998, TRIM($B23) ) + SUMIFS( KH_CoHoi!$L$2:$L$998, KH_CoHoi!$A$2:$A$998, "UNI", KH_CoHoi!$E$2:$E$998, K$21, KH_CoHoi!$M$2:$M$998, TRIM($B23) ) -> 0 | L23: =SUMIFS( KH_CoHoi!$H$2:$H$998, KH_CoHoi!$A$2:$A$998, "UNI", KH_CoHoi!$E$2:$E$998, L$21, KH_CoHoi!$I$2:$I$998, TRIM($B23) ) + SUMIFS( KH_CoHoi!$J$2:$J$998, KH_CoHoi!$A$2:$A$998, "UNI", KH_CoHoi!$E$2:$E$998, L$21, KH_CoHoi!$K$2:$K$998, TRIM($B23) ) + SUMIFS( KH_CoHoi!$L$2:$L$998, KH_CoHoi!$A$2:$A$998, "UNI", KH_CoHoi!$E$2:$E$998, L$21, KH_CoHoi!$M$2:$M$998, TRIM($B23) ) -> 0 | M23: =SUMIFS( KH_CoHoi!$H$2:$H$998, KH_CoHoi!$A$2:$A$998, "UNI", KH_CoHoi!$E$2:$E$998, M$21, KH_CoHoi!$I$2:$I$998, TRIM($B23) ) + SUMIFS( KH_CoHoi!$J$2:$J$998, KH_CoHoi!$A$2:$A$998, "UNI", KH_CoHoi!$E$2:$E$998, M$21, KH_CoHoi!$K$2:$K$998, TRIM($B23) ) + SUMIFS( KH_CoHoi!$L$2:$L$998, KH_CoHoi!$A$2:$A$998, "UNI", KH_CoHoi!$E$2:$E$998, M$21, KH_CoHoi!$M$2:$M$998, TRIM($B23) ) -> 0 | N23: =SUMIFS( KH_CoHoi!$H$2:$H$998, KH_CoHoi!$A$2:$A$998, "G2B", KH_CoHoi!$E$2:$E$998, N$21, KH_CoHoi!$I$2:$I$998, TRIM($B23) ) + SUMIFS( KH_CoHoi!$J$2:$J$998, KH_CoHoi!$A$2:$A$998, "G2B", KH_CoHoi!$E$2:$E$998, N$21, KH_CoHoi!$K$2:$K$998, TRIM($B23) ) + SUMIFS( KH_CoHoi!$L$2:$L$998, KH_CoHoi!$A$2:$A$998, "G2B", KH_CoHoi!$E$2:$E$998, N$21, KH_CoHoi!$M$2:$M$998, TRIM($B23) ) -> 0 | O23: =SUMIFS(Vtiger!$H$2:$H$418,Vtiger!$I$2:$I$418,B23,Vtiger!$A$2:$A$418,"G2B",Vtiger!$G$2:$G$418,$O$21)+SUMIFS(Vtiger!$J$2:$J$418,Vtiger!$K$2:$K$418,B23,Vtiger!$A$2:$A$418,"G2B",Vtiger!$G$2:$G$418,$O$21) -> 0 | P23: =SUMIFS(Vtiger!$H$2:$H$418,Vtiger!$I$2:$I$418,B23,Vtiger!$A$2:$A$418,"G2B",Vtiger!$G$2:$G$418,$P$21)+SUMIFS(Vtiger!$J$2:$J$418,Vtiger!$K$2:$K$418,B23,Vtiger!$A$2:$A$418,"G2B",Vtiger!$G$2:$G$418,$P$21) -> 0 | Q23: =G23+K23+N23 -> 950000000 | R23: =L23+O23 -> 0 | S23: =M23+P23 -> 0
A24: 3 | B24: Tháng 03 | C24: 950000000 | D24: 770000000 | E24: 500000000 | F24: =SUM(C24:E24) -> 2220000000 | G24: 950000000 | H24: =SUM(K24:M24) -> 904860000 | I24: =SUM(N24:P24) -> 0 | J24: =SUM(G24:I24) -> 1854860000 | K24: =SUMIFS( KH_CoHoi!$H$2:$H$998, KH_CoHoi!$A$2:$A$998, "UNI", KH_CoHoi!$E$2:$E$998, K$21, KH_CoHoi!$I$2:$I$998, TRIM($B24) ) + SUMIFS( KH_CoHoi!$J$2:$J$998, KH_CoHoi!$A$2:$A$998, "UNI", KH_CoHoi!$E$2:$E$998, K$21, KH_CoHoi!$K$2:$K$998, TRIM($B24) ) + SUMIFS( KH_CoHoi!$L$2:$L$998, KH_CoHoi!$A$2:$A$998, "UNI", KH_CoHoi!$E$2:$E$998, K$21, KH_CoHoi!$M$2:$M$998, TRIM($B24) ) -> 0 | L24: =SUMIFS( KH_CoHoi!$H$2:$H$998, KH_CoHoi!$A$2:$A$998, "UNI", KH_CoHoi!$E$2:$E$998, L$21, KH_CoHoi!$I$2:$I$998, TRIM($B24) ) + SUMIFS( KH_CoHoi!$J$2:$J$998, KH_CoHoi!$A$2:$A$998, "UNI", KH_CoHoi!$E$2:$E$998, L$21, KH_CoHoi!$K$2:$K$998, TRIM($B24) ) + SUMIFS( KH_CoHoi!$L$2:$L$998, KH_CoHoi!$A$2:$A$998, "UNI", KH_CoHoi!$E$2:$E$998, L$21, KH_CoHoi!$M$2:$M$998, TRIM($B24) ) -> 904860000 | M24: =SUMIFS( KH_CoHoi!$H$2:$H$998, KH_CoHoi!$A$2:$A$998, "UNI", KH_CoHoi!$E$2:$E$998, M$21, KH_CoHoi!$I$2:$I$998, TRIM($B24) ) + SUMIFS( KH_CoHoi!$J$2:$J$998, KH_CoHoi!$A$2:$A$998, "UNI", KH_CoHoi!$E$2:$E$998, M$21, KH_CoHoi!$K$2:$K$998, TRIM($B24) ) + SUMIFS( KH_CoHoi!$L$2:$L$998, KH_CoHoi!$A$2:$A$998, "UNI", KH_CoHoi!$E$2:$E$998, M$21, KH_CoHoi!$M$2:$M$998, TRIM($B24) ) -> 0 | N24: =SUMIFS( KH_CoHoi!$H$2:$H$998, KH_CoHoi!$A$2:$A$998, "G2B", KH_CoHoi!$E$2:$E$998, N$21, KH_CoHoi!$I$2:$I$998, TRIM($B24) ) + SUMIFS( KH_CoHoi!$J$2:$J$998, KH_CoHoi!$A$2:$A$998, "G2B", KH_CoHoi!$E$2:$E$998, N$21, KH_CoHoi!$K$2:$K$998, TRIM($B24) ) + SUMIFS( KH_CoHoi!$L$2:$L$998, KH_CoHoi!$A$2:$A$998, "G2B", KH_CoHoi!$E$2:$E$998, N$21, KH_CoHoi!$M$2:$M$998, TRIM($B24) ) -> 0 | O24: =SUMIFS(Vtiger!$H$2:$H$418,Vtiger!$I$2:$I$418,B24,Vtiger!$A$2:$A$418,"G2B",Vtiger!$G$2:$G$418,$O$21)+SUMIFS(Vtiger!$J$2:$J$418,Vtiger!$K$2:$K$418,B24,Vtiger!$A$2:$A$418,"G2B",Vtiger!$G$2:$G$418,$O$21) -> 0 | P24: =SUMIFS(Vtiger!$H$2:$H$418,Vtiger!$I$2:$I$418,B24,Vtiger!$A$2:$A$418,"G2B",Vtiger!$G$2:$G$418,$P$21)+SUMIFS(Vtiger!$J$2:$J$418,Vtiger!$K$2:$K$418,B24,Vtiger!$A$2:$A$418,"G2B",Vtiger!$G$2:$G$418,$P$21) -> 0 | Q24: =G24+K24+N24 -> 950000000 | R24: =L24+O24 -> 904860000 | S24: =M24+P24 -> 0
A25: 4 | B25: Tháng 04 | C25: 950000000 | D25: 660000000 | E25: 890000000 | F25: =SUM(C25:E25) -> 2500000000 | G25: 950000000 | H25: =SUM(K25:M25) -> 660000000 | I25: =SUM(N25:P25) -> 0 | J25: =SUM(G25:I25) -> 1610000000 | K25: =SUMIFS( KH_CoHoi!$H$2:$H$998, KH_CoHoi!$A$2:$A$998, "UNI", KH_CoHoi!$E$2:$E$998, K$21, KH_CoHoi!$I$2:$I$998, TRIM($B25) ) + SUMIFS( KH_CoHoi!$J$2:$J$998, KH_CoHoi!$A$2:$A$998, "UNI", KH_CoHoi!$E$2:$E$998, K$21, KH_CoHoi!$K$2:$K$998, TRIM($B25) ) + SUMIFS( KH_CoHoi!$L$2:$L$998, KH_CoHoi!$A$2:$A$998, "UNI", KH_CoHoi!$E$2:$E$998, K$21, KH_CoHoi!$M$2:$M$998, TRIM($B25) ) -> 0 | L25: =SUMIFS( KH_CoHoi!$H$2:$H$998, KH_CoHoi!$A$2:$A$998, "UNI", KH_CoHoi!$E$2:$E$998, L$21, KH_CoHoi!$I$2:$I$998, TRIM($B25) ) + SUMIFS( KH_CoHoi!$J$2:$J$998, KH_CoHoi!$A$2:$A$998, "UNI", KH_CoHoi!$E$2:$E$998, L$21, KH_CoHoi!$K$2:$K$998, TRIM($B25) ) + SUMIFS( KH_CoHoi!$L$2:$L$998, KH_CoHoi!$A$2:$A$998, "UNI", KH_CoHoi!$E$2:$E$998, L$21, KH_CoHoi!$M$2:$M$998, TRIM($B25) ) -> 660000000 | M25: =SUMIFS( KH_CoHoi!$H$2:$H$998, KH_CoHoi!$A$2:$A$998, "UNI", KH_CoHoi!$E$2:$E$998, M$21, KH_CoHoi!$I$2:$I$998, TRIM($B25) ) + SUMIFS( KH_CoHoi!$J$2:$J$998, KH_CoHoi!$A$2:$A$998, "UNI", KH_CoHoi!$E$2:$E$998, M$21, KH_CoHoi!$K$2:$K$998, TRIM($B25) ) + SUMIFS( KH_CoHoi!$L$2:$L$998, KH_CoHoi!$A$2:$A$998, "UNI", KH_CoHoi!$E$2:$E$998, M$21, KH_CoHoi!$M$2:$M$998, TRIM($B25) ) -> 0 | N25: =SUMIFS( KH_CoHoi!$H$2:$H$998, KH_CoHoi!$A$2:$A$998, "G2B", KH_CoHoi!$E$2:$E$998, N$21, KH_CoHoi!$I$2:$I$998, TRIM($B25) ) + SUMIFS( KH_CoHoi!$J$2:$J$998, KH_CoHoi!$A$2:$A$998, "G2B", KH_CoHoi!$E$2:$E$998, N$21, KH_CoHoi!$K$2:$K$998, TRIM($B25) ) + SUMIFS( KH_CoHoi!$L$2:$L$998, KH_CoHoi!$A$2:$A$998, "G2B", KH_CoHoi!$E$2:$E$998, N$21, KH_CoHoi!$M$2:$M$998, TRIM($B25) ) -> 0 | O25: =SUMIFS(Vtiger!$H$2:$H$418,Vtiger!$I$2:$I$418,B25,Vtiger!$A$2:$A$418,"G2B",Vtiger!$G$2:$G$418,$O$21)+SUMIFS(Vtiger!$J$2:$J$418,Vtiger!$K$2:$K$418,B25,Vtiger!$A$2:$A$418,"G2B",Vtiger!$G$2:$G$418,$O$21) -> 0 | P25: =SUMIFS(Vtiger!$H$2:$H$418,Vtiger!$I$2:$I$418,B25,Vtiger!$A$2:$A$418,"G2B",Vtiger!$G$2:$G$418,$P$21)+SUMIFS(Vtiger!$J$2:$J$418,Vtiger!$K$2:$K$418,B25,Vtiger!$A$2:$A$418,"G2B",Vtiger!$G$2:$G$418,$P$21) -> 0 | Q25: =G25+K25+N25 -> 950000000 | R25: =L25+O25 -> 660000000 | S25: =M25+P25 -> 0
A26: 5 | B26: Tháng 05 | C26: 950000000 | D26: 865000000 | E26: 300000000 | F26: =SUM(C26:E26) -> 2115000000 | G26: 950000000 | H26: =SUM(K26:M26) -> 2000000000 | I26: =SUM(N26:P26) -> 0 | J26: =SUM(G26:I26) -> 2950000000 | K26: =SUMIFS( KH_CoHoi!$H$2:$H$998, KH_CoHoi!$A$2:$A$998, "UNI", KH_CoHoi!$E$2:$E$998, K$21, KH_CoHoi!$I$2:$I$998, TRIM($B26) ) + SUMIFS( KH_CoHoi!$J$2:$J$998, KH_CoHoi!$A$2:$A$998, "UNI", KH_CoHoi!$E$2:$E$998, K$21, KH_CoHoi!$K$2:$K$998, TRIM($B26) ) + SUMIFS( KH_CoHoi!$L$2:$L$998, KH_CoHoi!$A$2:$A$998, "UNI", KH_CoHoi!$E$2:$E$998, K$21, KH_CoHoi!$M$2:$M$998, TRIM($B26) ) -> 0 | L26: =SUMIFS( KH_CoHoi!$H$2:$H$998, KH_CoHoi!$A$2:$A$998, "UNI", KH_CoHoi!$E$2:$E$998, L$21, KH_CoHoi!$I$2:$I$998, TRIM($B26) ) + SUMIFS( KH_CoHoi!$J$2:$J$998, KH_CoHoi!$A$2:$A$998, "UNI", KH_CoHoi!$E$2:$E$998, L$21, KH_CoHoi!$K$2:$K$998, TRIM($B26) ) + SUMIFS( KH_CoHoi!$L$2:$L$998, KH_CoHoi!$A$2:$A$998, "UNI", KH_CoHoi!$E$2:$E$998, L$21, KH_CoHoi!$M$2:$M$998, TRIM($B26) ) -> 2000000000 | M26: =SUMIFS( KH_CoHoi!$H$2:$H$998, KH_CoHoi!$A$2:$A$998, "UNI", KH_CoHoi!$E$2:$E$998, M$21, KH_CoHoi!$I$2:$I$998, TRIM($B26) ) + SUMIFS( KH_CoHoi!$J$2:$J$998, KH_CoHoi!$A$2:$A$998, "UNI", KH_CoHoi!$E$2:$E$998, M$21, KH_CoHoi!$K$2:$K$998, TRIM($B26) ) + SUMIFS( KH_CoHoi!$L$2:$L$998, KH_CoHoi!$A$2:$A$998, "UNI", KH_CoHoi!$E$2:$E$998, M$21, KH_CoHoi!$M$2:$M$998, TRIM($B26) ) -> 0 | N26: =SUMIFS( KH_CoHoi!$H$2:$H$998, KH_CoHoi!$A$2:$A$998, "G2B", KH_CoHoi!$E$2:$E$998, N$21, KH_CoHoi!$I$2:$I$998, TRIM($B26) ) + SUMIFS( KH_CoHoi!$J$2:$J$998, KH_CoHoi!$A$2:$A$998, "G2B", KH_CoHoi!$E$2:$E$998, N$21, KH_CoHoi!$K$2:$K$998, TRIM($B26) ) + SUMIFS( KH_CoHoi!$L$2:$L$998, KH_CoHoi!$A$2:$A$998, "G2B", KH_CoHoi!$E$2:$E$998, N$21, KH_CoHoi!$M$2:$M$998, TRIM($B26) ) -> 0 | O26: =SUMIFS(Vtiger!$H$2:$H$418,Vtiger!$I$2:$I$418,B26,Vtiger!$A$2:$A$418,"G2B",Vtiger!$G$2:$G$418,$O$21)+SUMIFS(Vtiger!$J$2:$J$418,Vtiger!$K$2:$K$418,B26,Vtiger!$A$2:$A$418,"G2B",Vtiger!$G$2:$G$418,$O$21) -> 0 | P26: =SUMIFS(Vtiger!$H$2:$H$418,Vtiger!$I$2:$I$418,B26,Vtiger!$A$2:$A$418,"G2B",Vtiger!$G$2:$G$418,$P$21)+SUMIFS(Vtiger!$J$2:$J$418,Vtiger!$K$2:$K$418,B26,Vtiger!$A$2:$A$418,"G2B",Vtiger!$G$2:$G$418,$P$21) -> 0 | Q26: =G26+K26+N26 -> 950000000 | R26: =L26+O26 -> 2000000000 | S26: =M26+P26 -> 0
A27: 6 | B27: Tháng 06 | C27: 950000000 | D27: 870000000 | E27: 765000000 | F27: =SUM(C27:E27) -> 2585000000 | G27: 950000000 | H27: =SUM(K27:M27) -> 570000000 | I27: =SUM(N27:P27) -> 0 | J27: =SUM(G27:I27) -> 1520000000 | K27: =SUMIFS( KH_CoHoi!$H$2:$H$998, KH_CoHoi!$A$2:$A$998, "UNI", KH_CoHoi!$E$2:$E$998, K$21, KH_CoHoi!$I$2:$I$998, TRIM($B27) ) + SUMIFS( KH_CoHoi!$J$2:$J$998, KH_CoHoi!$A$2:$A$998, "UNI", KH_CoHoi!$E$2:$E$998, K$21, KH_CoHoi!$K$2:$K$998, TRIM($B27) ) + SUMIFS( KH_CoHoi!$L$2:$L$998, KH_CoHoi!$A$2:$A$998, "UNI", KH_CoHoi!$E$2:$E$998, K$21, KH_CoHoi!$M$2:$M$998, TRIM($B27) ) -> 0 | L27: =SUMIFS( KH_CoHoi!$H$2:$H$998, KH_CoHoi!$A$2:$A$998, "UNI", KH_CoHoi!$E$2:$E$998, L$21, KH_CoHoi!$I$2:$I$998, TRIM($B27) ) + SUMIFS( KH_CoHoi!$J$2:$J$998, KH_CoHoi!$A$2:$A$998, "UNI", KH_CoHoi!$E$2:$E$998, L$21, KH_CoHoi!$K$2:$K$998, TRIM($B27) ) + SUMIFS( KH_CoHoi!$L$2:$L$998, KH_CoHoi!$A$2:$A$998, "UNI", KH_CoHoi!$E$2:$E$998, L$21, KH_CoHoi!$M$2:$M$998, TRIM($B27) ) -> 570000000 | M27: =SUMIFS( KH_CoHoi!$H$2:$H$998, KH_CoHoi!$A$2:$A$998, "UNI", KH_CoHoi!$E$2:$E$998, M$21, KH_CoHoi!$I$2:$I$998, TRIM($B27) ) + SUMIFS( KH_CoHoi!$J$2:$J$998, KH_CoHoi!$A$2:$A$998, "UNI", KH_CoHoi!$E$2:$E$998, M$21, KH_CoHoi!$K$2:$K$998, TRIM($B27) ) + SUMIFS( KH_CoHoi!$L$2:$L$998, KH_CoHoi!$A$2:$A$998, "UNI", KH_CoHoi!$E$2:$E$998, M$21, KH_CoHoi!$M$2:$M$998, TRIM($B27) ) -> 0 | N27: =SUMIFS( KH_CoHoi!$H$2:$H$998, KH_CoHoi!$A$2:$A$998, "G2B", KH_CoHoi!$E$2:$E$998, N$21, KH_CoHoi!$I$2:$I$998, TRIM($B27) ) + SUMIFS( KH_CoHoi!$J$2:$J$998, KH_CoHoi!$A$2:$A$998, "G2B", KH_CoHoi!$E$2:$E$998, N$21, KH_CoHoi!$K$2:$K$998, TRIM($B27) ) + SUMIFS( KH_CoHoi!$L$2:$L$998, KH_CoHoi!$A$2:$A$998, "G2B", KH_CoHoi!$E$2:$E$998, N$21, KH_CoHoi!$M$2:$M$998, TRIM($B27) ) -> 0 | O27: =SUMIFS(Vtiger!$H$2:$H$418,Vtiger!$I$2:$I$418,B27,Vtiger!$A$2:$A$418,"G2B",Vtiger!$G$2:$G$418,$O$21)+SUMIFS(Vtiger!$J$2:$J$418,Vtiger!$K$2:$K$418,B27,Vtiger!$A$2:$A$418,"G2B",Vtiger!$G$2:$G$418,$O$21) -> 0 | P27: =SUMIFS(Vtiger!$H$2:$H$418,Vtiger!$I$2:$I$418,B27,Vtiger!$A$2:$A$418,"G2B",Vtiger!$G$2:$G$418,$P$21)+SUMIFS(Vtiger!$J$2:$J$418,Vtiger!$K$2:$K$418,B27,Vtiger!$A$2:$A$418,"G2B",Vtiger!$G$2:$G$418,$P$21) -> 0 | Q27: =G27+K27+N27 -> 950000000 | R27: =L27+O27 -> 570000000 | S27: =M27+P27 -> 0
A28: 7 | B28: Tháng 07 | C28: 950000000 | D28: 670000000 | E28: 400000000 | F28: =SUM(C28:E28) -> 2020000000 | G28: 950000000 | H28: =SUM(K28:M28) -> 0 | I28: =SUM(N28:P28) -> 0 | J28: =SUM(G28:I28) -> 950000000 | K28: =SUMIFS( KH_CoHoi!$H$2:$H$998, KH_CoHoi!$A$2:$A$998, "UNI", KH_CoHoi!$E$2:$E$998, K$21, KH_CoHoi!$I$2:$I$998, TRIM($B28) ) + SUMIFS( KH_CoHoi!$J$2:$J$998, KH_CoHoi!$A$2:$A$998, "UNI", KH_CoHoi!$E$2:$E$998, K$21, KH_CoHoi!$K$2:$K$998, TRIM($B28) ) + SUMIFS( KH_CoHoi!$L$2:$L$998, KH_CoHoi!$A$2:$A$998, "UNI", KH_CoHoi!$E$2:$E$998, K$21, KH_CoHoi!$M$2:$M$998, TRIM($B28) ) -> 0 | L28: =SUMIFS( KH_CoHoi!$H$2:$H$998, KH_CoHoi!$A$2:$A$998, "UNI", KH_CoHoi!$E$2:$E$998, L$21, KH_CoHoi!$I$2:$I$998, TRIM($B28) ) + SUMIFS( KH_CoHoi!$J$2:$J$998, KH_CoHoi!$A$2:$A$998, "UNI", KH_CoHoi!$E$2:$E$998, L$21, KH_CoHoi!$K$2:$K$998, TRIM($B28) ) + SUMIFS( KH_CoHoi!$L$2:$L$998, KH_CoHoi!$A$2:$A$998, "UNI", KH_CoHoi!$E$2:$E$998, L$21, KH_CoHoi!$M$2:$M$998, TRIM($B28) ) -> 0 | M28: =SUMIFS( KH_CoHoi!$H$2:$H$998, KH_CoHoi!$A$2:$A$998, "UNI", KH_CoHoi!$E$2:$E$998, M$21, KH_CoHoi!$I$2:$I$998, TRIM($B28) ) + SUMIFS( KH_CoHoi!$J$2:$J$998, KH_CoHoi!$A$2:$A$998, "UNI", KH_CoHoi!$E$2:$E$998, M$21, KH_CoHoi!$K$2:$K$998, TRIM($B28) ) + SUMIFS( KH_CoHoi!$L$2:$L$998, KH_CoHoi!$A$2:$A$998, "UNI", KH_CoHoi!$E$2:$E$998, M$21, KH_CoHoi!$M$2:$M$998, TRIM($B28) ) -> 0 | N28: =SUMIFS( KH_CoHoi!$H$2:$H$998, KH_CoHoi!$A$2:$A$998, "G2B", KH_CoHoi!$E$2:$E$998, N$21, KH_CoHoi!$I$2:$I$998, TRIM($B28) ) + SUMIFS( KH_CoHoi!$J$2:$J$998, KH_CoHoi!$A$2:$A$998, "G2B", KH_CoHoi!$E$2:$E$998, N$21, KH_CoHoi!$K$2:$K$998, TRIM($B28) ) + SUMIFS( KH_CoHoi!$L$2:$L$998, KH_CoHoi!$A$2:$A$998, "G2B", KH_CoHoi!$E$2:$E$998, N$21, KH_CoHoi!$M$2:$M$998, TRIM($B28) ) -> 0 | O28: =SUMIFS(Vtiger!$H$2:$H$418,Vtiger!$I$2:$I$418,B28,Vtiger!$A$2:$A$418,"G2B",Vtiger!$G$2:$G$418,$O$21)+SUMIFS(Vtiger!$J$2:$J$418,Vtiger!$K$2:$K$418,B28,Vtiger!$A$2:$A$418,"G2B",Vtiger!$G$2:$G$418,$O$21) -> 0 | P28: =SUMIFS(Vtiger!$H$2:$H$418,Vtiger!$I$2:$I$418,B28,Vtiger!$A$2:$A$418,"G2B",Vtiger!$G$2:$G$418,$P$21)+SUMIFS(Vtiger!$J$2:$J$418,Vtiger!$K$2:$K$418,B28,Vtiger!$A$2:$A$418,"G2B",Vtiger!$G$2:$G$418,$P$21) -> 0 | Q28: =G28+K28+N28 -> 950000000 | R28: =L28+O28 -> 0 | S28: =M28+P28 -> 0
A29: 8 | B29: Tháng 08 | C29: 950000000 | D29: 831000000 | E29: 900000000 | F29: =SUM(C29:E29) -> 2681000000 | G29: 950000000 | H29: =SUM(K29:M29) -> 1540000000 | I29: =SUM(N29:P29) -> 0 | J29: =SUM(G29:I29) -> 2490000000 | K29: =SUMIFS( KH_CoHoi!$H$2:$H$998, KH_CoHoi!$A$2:$A$998, "UNI", KH_CoHoi!$E$2:$E$998, K$21, KH_CoHoi!$I$2:$I$998, TRIM($B29) ) + SUMIFS( KH_CoHoi!$J$2:$J$998, KH_CoHoi!$A$2:$A$998, "UNI", KH_CoHoi!$E$2:$E$998, K$21, KH_CoHoi!$K$2:$K$998, TRIM($B29) ) + SUMIFS( KH_CoHoi!$L$2:$L$998, KH_CoHoi!$A$2:$A$998, "UNI", KH_CoHoi!$E$2:$E$998, K$21, KH_CoHoi!$M$2:$M$998, TRIM($B29) ) -> 0 | L29: =SUMIFS( KH_CoHoi!$H$2:$H$998, KH_CoHoi!$A$2:$A$998, "UNI", KH_CoHoi!$E$2:$E$998, L$21, KH_CoHoi!$I$2:$I$998, TRIM($B29) ) + SUMIFS( KH_CoHoi!$J$2:$J$998, KH_CoHoi!$A$2:$A$998, "UNI", KH_CoHoi!$E$2:$E$998, L$21, KH_CoHoi!$K$2:$K$998, TRIM($B29) ) + SUMIFS( KH_CoHoi!$L$2:$L$998, KH_CoHoi!$A$2:$A$998, "UNI", KH_CoHoi!$E$2:$E$998, L$21, KH_CoHoi!$M$2:$M$998, TRIM($B29) ) -> 1540000000 | M29: =SUMIFS( KH_CoHoi!$H$2:$H$998, KH_CoHoi!$A$2:$A$998, "UNI", KH_CoHoi!$E$2:$E$998, M$21, KH_CoHoi!$I$2:$I$998, TRIM($B29) ) + SUMIFS( KH_CoHoi!$J$2:$J$998, KH_CoHoi!$A$2:$A$998, "UNI", KH_CoHoi!$E$2:$E$998, M$21, KH_CoHoi!$K$2:$K$998, TRIM($B29) ) + SUMIFS( KH_CoHoi!$L$2:$L$998, KH_CoHoi!$A$2:$A$998, "UNI", KH_CoHoi!$E$2:$E$998, M$21, KH_CoHoi!$M$2:$M$998, TRIM($B29) ) -> 0 | N29: =SUMIFS( KH_CoHoi!$H$2:$H$998, KH_CoHoi!$A$2:$A$998, "G2B", KH_CoHoi!$E$2:$E$998, N$21, KH_CoHoi!$I$2:$I$998, TRIM($B29) ) + SUMIFS( KH_CoHoi!$J$2:$J$998, KH_CoHoi!$A$2:$A$998, "G2B", KH_CoHoi!$E$2:$E$998, N$21, KH_CoHoi!$K$2:$K$998, TRIM($B29) ) + SUMIFS( KH_CoHoi!$L$2:$L$998, KH_CoHoi!$A$2:$A$998, "G2B", KH_CoHoi!$E$2:$E$998, N$21, KH_CoHoi!$M$2:$M$998, TRIM($B29) ) -> 0 | O29: =SUMIFS(Vtiger!$H$2:$H$418,Vtiger!$I$2:$I$418,B29,Vtiger!$A$2:$A$418,"G2B",Vtiger!$G$2:$G$418,$O$21)+SUMIFS(Vtiger!$J$2:$J$418,Vtiger!$K$2:$K$418,B29,Vtiger!$A$2:$A$418,"G2B",Vtiger!$G$2:$G$418,$O$21) -> 0 | P29: =SUMIFS(Vtiger!$H$2:$H$418,Vtiger!$I$2:$I$418,B29,Vtiger!$A$2:$A$418,"G2B",Vtiger!$G$2:$G$418,$P$21)+SUMIFS(Vtiger!$J$2:$J$418,Vtiger!$K$2:$K$418,B29,Vtiger!$A$2:$A$418,"G2B",Vtiger!$G$2:$G$418,$P$21) -> 0 | Q29: =G29+K29+N29 -> 950000000 | R29: =L29+O29 -> 1540000000 | S29: =M29+P29 -> 0
A30: 9 | B30: Tháng 09 | C30: 950000000 | D30: 725500000 | E30: 800000000 | F30: =SUM(C30:E30) -> 2475500000 | G30: 950000000 | H30: =SUM(K30:M30) -> 6311340000 | I30: =SUM(N30:P30) -> 0 | J30: =SUM(G30:I30) -> 7261340000 | K30: =SUMIFS( KH_CoHoi!$H$2:$H$998, KH_CoHoi!$A$2:$A$998, "UNI", KH_CoHoi!$E$2:$E$998, K$21, KH_CoHoi!$I$2:$I$998, TRIM($B30) ) + SUMIFS( KH_CoHoi!$J$2:$J$998, KH_CoHoi!$A$2:$A$998, "UNI", KH_CoHoi!$E$2:$E$998, K$21, KH_CoHoi!$K$2:$K$998, TRIM($B30) ) + SUMIFS( KH_CoHoi!$L$2:$L$998, KH_CoHoi!$A$2:$A$998, "UNI", KH_CoHoi!$E$2:$E$998, K$21, KH_CoHoi!$M$2:$M$998, TRIM($B30) ) -> 0 | L30: =SUMIFS( KH_CoHoi!$H$2:$H$998, KH_CoHoi!$A$2:$A$998, "UNI", KH_CoHoi!$E$2:$E$998, L$21, KH_CoHoi!$I$2:$I$998, TRIM($B30) ) + SUMIFS( KH_CoHoi!$J$2:$J$998, KH_CoHoi!$A$2:$A$998, "UNI", KH_CoHoi!$E$2:$E$998, L$21, KH_CoHoi!$K$2:$K$998, TRIM($B30) ) + SUMIFS( KH_CoHoi!$L$2:$L$998, KH_CoHoi!$A$2:$A$998, "UNI", KH_CoHoi!$E$2:$E$998, L$21, KH_CoHoi!$M$2:$M$998, TRIM($B30) ) -> 6311340000 | M30: =SUMIFS( KH_CoHoi!$H$2:$H$998, KH_CoHoi!$A$2:$A$998, "UNI", KH_CoHoi!$E$2:$E$998, M$21, KH_CoHoi!$I$2:$I$998, TRIM($B30) ) + SUMIFS( KH_CoHoi!$J$2:$J$998, KH_CoHoi!$A$2:$A$998, "UNI", KH_CoHoi!$E$2:$E$998, M$21, KH_CoHoi!$K$2:$K$998, TRIM($B30) ) + SUMIFS( KH_CoHoi!$L$2:$L$998, KH_CoHoi!$A$2:$A$998, "UNI", KH_CoHoi!$E$2:$E$998, M$21, KH_CoHoi!$M$2:$M$998, TRIM($B30) ) -> 0 | N30: =SUMIFS( KH_CoHoi!$H$2:$H$998, KH_CoHoi!$A$2:$A$998, "G2B", KH_CoHoi!$E$2:$E$998, N$21, KH_CoHoi!$I$2:$I$998, TRIM($B30) ) + SUMIFS( KH_CoHoi!$J$2:$J$998, KH_CoHoi!$A$2:$A$998, "G2B", KH_CoHoi!$E$2:$E$998, N$21, KH_CoHoi!$K$2:$K$998, TRIM($B30) ) + SUMIFS( KH_CoHoi!$L$2:$L$998, KH_CoHoi!$A$2:$A$998, "G2B", KH_CoHoi!$E$2:$E$998, N$21, KH_CoHoi!$M$2:$M$998, TRIM($B30) ) -> 0 | O30: =SUMIFS(Vtiger!$H$2:$H$418,Vtiger!$I$2:$I$418,B30,Vtiger!$A$2:$A$418,"G2B",Vtiger!$G$2:$G$418,$O$21)+SUMIFS(Vtiger!$J$2:$J$418,Vtiger!$K$2:$K$418,B30,Vtiger!$A$2:$A$418,"G2B",Vtiger!$G$2:$G$418,$O$21) -> 0 | P30: =SUMIFS(Vtiger!$H$2:$H$418,Vtiger!$I$2:$I$418,B30,Vtiger!$A$2:$A$418,"G2B",Vtiger!$G$2:$G$418,$P$21)+SUMIFS(Vtiger!$J$2:$J$418,Vtiger!$K$2:$K$418,B30,Vtiger!$A$2:$A$418,"G2B",Vtiger!$G$2:$G$418,$P$21) -> 0 | Q30: =G30+K30+N30 -> 950000000 | R30: =L30+O30 -> 6311340000 | S30: =M30+P30 -> 0
A31: 10 | B31: Tháng 10 | C31: 950000000 | D31: 682500000 | E31: 600000000 | F31: =SUM(C31:E31) -> 2232500000 | G31: 950000000 | H31: =SUM(K31:M31) -> 0 | I31: =SUM(N31:P31) -> 0 | J31: =SUM(G31:I31) -> 950000000 | K31: =SUMIFS( KH_CoHoi!$H$2:$H$998, KH_CoHoi!$A$2:$A$998, "UNI", KH_CoHoi!$E$2:$E$998, K$21, KH_CoHoi!$I$2:$I$998, TRIM($B31) ) + SUMIFS( KH_CoHoi!$J$2:$J$998, KH_CoHoi!$A$2:$A$998, "UNI", KH_CoHoi!$E$2:$E$998, K$21, KH_CoHoi!$K$2:$K$998, TRIM($B31) ) + SUMIFS( KH_CoHoi!$L$2:$L$998, KH_CoHoi!$A$2:$A$998, "UNI", KH_CoHoi!$E$2:$E$998, K$21, KH_CoHoi!$M$2:$M$998, TRIM($B31) ) -> 0 | L31: =SUMIFS( KH_CoHoi!$H$2:$H$998, KH_CoHoi!$A$2:$A$998, "UNI", KH_CoHoi!$E$2:$E$998, L$21, KH_CoHoi!$I$2:$I$998, TRIM($B31) ) + SUMIFS( KH_CoHoi!$J$2:$J$998, KH_CoHoi!$A$2:$A$998, "UNI", KH_CoHoi!$E$2:$E$998, L$21, KH_CoHoi!$K$2:$K$998, TRIM($B31) ) + SUMIFS( KH_CoHoi!$L$2:$L$998, KH_CoHoi!$A$2:$A$998, "UNI", KH_CoHoi!$E$2:$E$998, L$21, KH_CoHoi!$M$2:$M$998, TRIM($B31) ) -> 0 | M31: =SUMIFS( KH_CoHoi!$H$2:$H$998, KH_CoHoi!$A$2:$A$998, "UNI", KH_CoHoi!$E$2:$E$998, M$21, KH_CoHoi!$I$2:$I$998, TRIM($B31) ) + SUMIFS( KH_CoHoi!$J$2:$J$998, KH_CoHoi!$A$2:$A$998, "UNI", KH_CoHoi!$E$2:$E$998, M$21, KH_CoHoi!$K$2:$K$998, TRIM($B31) ) + SUMIFS( KH_CoHoi!$L$2:$L$998, KH_CoHoi!$A$2:$A$998, "UNI", KH_CoHoi!$E$2:$E$998, M$21, KH_CoHoi!$M$2:$M$998, TRIM($B31) ) -> 0 | N31: =SUMIFS( KH_CoHoi!$H$2:$H$998, KH_CoHoi!$A$2:$A$998, "G2B", KH_CoHoi!$E$2:$E$998, N$21, KH_CoHoi!$I$2:$I$998, TRIM($B31) ) + SUMIFS( KH_CoHoi!$J$2:$J$998, KH_CoHoi!$A$2:$A$998, "G2B", KH_CoHoi!$E$2:$E$998, N$21, KH_CoHoi!$K$2:$K$998, TRIM($B31) ) + SUMIFS( KH_CoHoi!$L$2:$L$998, KH_CoHoi!$A$2:$A$998, "G2B", KH_CoHoi!$E$2:$E$998, N$21, KH_CoHoi!$M$2:$M$998, TRIM($B31) ) -> 0 | O31: =SUMIFS(Vtiger!$H$2:$H$418,Vtiger!$I$2:$I$418,B31,Vtiger!$A$2:$A$418,"G2B",Vtiger!$G$2:$G$418,$O$21)+SUMIFS(Vtiger!$J$2:$J$418,Vtiger!$K$2:$K$418,B31,Vtiger!$A$2:$A$418,"G2B",Vtiger!$G$2:$G$418,$O$21) -> 0 | P31: =SUMIFS(Vtiger!$H$2:$H$418,Vtiger!$I$2:$I$418,B31,Vtiger!$A$2:$A$418,"G2B",Vtiger!$G$2:$G$418,$P$21)+SUMIFS(Vtiger!$J$2:$J$418,Vtiger!$K$2:$K$418,B31,Vtiger!$A$2:$A$418,"G2B",Vtiger!$G$2:$G$418,$P$21) -> 0 | Q31: =G31+K31+N31 -> 950000000 | R31: =L31+O31 -> 0 | S31: =M31+P31 -> 0
A32: 11 | B32: Tháng 11 | C32: 950000000 | D32: 700000000 | E32: 970000000 | F32: =SUM(C32:E32) -> 2620000000 | G32: 950000000 | H32: =SUM(K32:M32) -> 1685232000 | I32: =SUM(N32:P32) -> 0 | J32: =SUM(G32:I32) -> 2635232000 | K32: =SUMIFS( KH_CoHoi!$H$2:$H$998, KH_CoHoi!$A$2:$A$998, "UNI", KH_CoHoi!$E$2:$E$998, K$21, KH_CoHoi!$I$2:$I$998, TRIM($B32) ) + SUMIFS( KH_CoHoi!$J$2:$J$998, KH_CoHoi!$A$2:$A$998, "UNI", KH_CoHoi!$E$2:$E$998, K$21, KH_CoHoi!$K$2:$K$998, TRIM($B32) ) + SUMIFS( KH_CoHoi!$L$2:$L$998, KH_CoHoi!$A$2:$A$998, "UNI", KH_CoHoi!$E$2:$E$998, K$21, KH_CoHoi!$M$2:$M$998, TRIM($B32) ) -> 0 | L32: =SUMIFS( KH_CoHoi!$H$2:$H$998, KH_CoHoi!$A$2:$A$998, "UNI", KH_CoHoi!$E$2:$E$998, L$21, KH_CoHoi!$I$2:$I$998, TRIM($B32) ) + SUMIFS( KH_CoHoi!$J$2:$J$998, KH_CoHoi!$A$2:$A$998, "UNI", KH_CoHoi!$E$2:$E$998, L$21, KH_CoHoi!$K$2:$K$998, TRIM($B32) ) + SUMIFS( KH_CoHoi!$L$2:$L$998, KH_CoHoi!$A$2:$A$998, "UNI", KH_CoHoi!$E$2:$E$998, L$21, KH_CoHoi!$M$2:$M$998, TRIM($B32) ) -> 1330000000 | M32: =SUMIFS( KH_CoHoi!$H$2:$H$998, KH_CoHoi!$A$2:$A$998, "UNI", KH_CoHoi!$E$2:$E$998, M$21, KH_CoHoi!$I$2:$I$998, TRIM($B32) ) + SUMIFS( KH_CoHoi!$J$2:$J$998, KH_CoHoi!$A$2:$A$998, "UNI", KH_CoHoi!$E$2:$E$998, M$21, KH_CoHoi!$K$2:$K$998, TRIM($B32) ) + SUMIFS( KH_CoHoi!$L$2:$L$998, KH_CoHoi!$A$2:$A$998, "UNI", KH_CoHoi!$E$2:$E$998, M$21, KH_CoHoi!$M$2:$M$998, TRIM($B32) ) -> 355232000 | N32: =SUMIFS( KH_CoHoi!$H$2:$H$998, KH_CoHoi!$A$2:$A$998, "G2B", KH_CoHoi!$E$2:$E$998, N$21, KH_CoHoi!$I$2:$I$998, TRIM($B32) ) + SUMIFS( KH_CoHoi!$J$2:$J$998, KH_CoHoi!$A$2:$A$998, "G2B", KH_CoHoi!$E$2:$E$998, N$21, KH_CoHoi!$K$2:$K$998, TRIM($B32) ) + SUMIFS( KH_CoHoi!$L$2:$L$998, KH_CoHoi!$A$2:$A$998, "G2B", KH_CoHoi!$E$2:$E$998, N$21, KH_CoHoi!$M$2:$M$998, TRIM($B32) ) -> 0 | O32: =SUMIFS(Vtiger!$H$2:$H$418,Vtiger!$I$2:$I$418,B32,Vtiger!$A$2:$A$418,"G2B",Vtiger!$G$2:$G$418,$O$21)+SUMIFS(Vtiger!$J$2:$J$418,Vtiger!$K$2:$K$418,B32,Vtiger!$A$2:$A$418,"G2B",Vtiger!$G$2:$G$418,$O$21) -> 0 | P32: =SUMIFS(Vtiger!$H$2:$H$418,Vtiger!$I$2:$I$418,B32,Vtiger!$A$2:$A$418,"G2B",Vtiger!$G$2:$G$418,$P$21)+SUMIFS(Vtiger!$J$2:$J$418,Vtiger!$K$2:$K$418,B32,Vtiger!$A$2:$A$418,"G2B",Vtiger!$G$2:$G$418,$P$21) -> 0 | Q32: =G32+K32+N32 -> 950000000 | R32: =L32+O32 -> 1330000000 | S32: =M32+P32 -> 355232000
A33: 12 | B33: Tháng 12 | C33: 950000000 | D33: 1645000000 | E33: 1500000000 | F33: =SUM(C33:E33) -> 4095000000 | G33: 950000000 | H33: =SUM(K33:M33) -> 0 | I33: =SUM(N33:P33) -> 0 | J33: =SUM(G33:I33) -> 950000000 | K33: =SUMIFS( KH_CoHoi!$H$2:$H$998, KH_CoHoi!$A$2:$A$998, "UNI", KH_CoHoi!$E$2:$E$998, K$21, KH_CoHoi!$I$2:$I$998, TRIM($B33) ) + SUMIFS( KH_CoHoi!$J$2:$J$998, KH_CoHoi!$A$2:$A$998, "UNI", KH_CoHoi!$E$2:$E$998, K$21, KH_CoHoi!$K$2:$K$998, TRIM($B33) ) + SUMIFS( KH_CoHoi!$L$2:$L$998, KH_CoHoi!$A$2:$A$998, "UNI", KH_CoHoi!$E$2:$E$998, K$21, KH_CoHoi!$M$2:$M$998, TRIM($B33) ) -> 0 | L33: =SUMIFS( KH_CoHoi!$H$2:$H$998, KH_CoHoi!$A$2:$A$998, "UNI", KH_CoHoi!$E$2:$E$998, L$21, KH_CoHoi!$I$2:$I$998, TRIM($B33) ) + SUMIFS( KH_CoHoi!$J$2:$J$998, KH_CoHoi!$A$2:$A$998, "UNI", KH_CoHoi!$E$2:$E$998, L$21, KH_CoHoi!$K$2:$K$998, TRIM($B33) ) + SUMIFS( KH_CoHoi!$L$2:$L$998, KH_CoHoi!$A$2:$A$998, "UNI", KH_CoHoi!$E$2:$E$998, L$21, KH_CoHoi!$M$2:$M$998, TRIM($B33) ) -> 0 | M33: =SUMIFS( KH_CoHoi!$H$2:$H$998, KH_CoHoi!$A$2:$A$998, "UNI", KH_CoHoi!$E$2:$E$998, M$21, KH_CoHoi!$I$2:$I$998, TRIM($B33) ) + SUMIFS( KH_CoHoi!$J$2:$J$998, KH_CoHoi!$A$2:$A$998, "UNI", KH_CoHoi!$E$2:$E$998, M$21, KH_CoHoi!$K$2:$K$998, TRIM($B33) ) + SUMIFS( KH_CoHoi!$L$2:$L$998, KH_CoHoi!$A$2:$A$998, "UNI", KH_CoHoi!$E$2:$E$998, M$21, KH_CoHoi!$M$2:$M$998, TRIM($B33) ) -> 0 | N33: =SUMIFS( KH_CoHoi!$H$2:$H$998, KH_CoHoi!$A$2:$A$998, "G2B", KH_CoHoi!$E$2:$E$998, N$21, KH_CoHoi!$I$2:$I$998, TRIM($B33) ) + SUMIFS( KH_CoHoi!$J$2:$J$998, KH_CoHoi!$A$2:$A$998, "G2B", KH_CoHoi!$E$2:$E$998, N$21, KH_CoHoi!$K$2:$K$998, TRIM($B33) ) + SUMIFS( KH_CoHoi!$L$2:$L$998, KH_CoHoi!$A$2:$A$998, "G2B", KH_CoHoi!$E$2:$E$998, N$21, KH_CoHoi!$M$2:$M$998, TRIM($B33) ) -> 0 | O33: =SUMIFS(Vtiger!$H$2:$H$418,Vtiger!$I$2:$I$418,B33,Vtiger!$A$2:$A$418,"G2B",Vtiger!$G$2:$G$418,$O$21)+SUMIFS(Vtiger!$J$2:$J$418,Vtiger!$K$2:$K$418,B33,Vtiger!$A$2:$A$418,"G2B",Vtiger!$G$2:$G$418,$O$21) -> 0 | P33: =SUMIFS(Vtiger!$H$2:$H$418,Vtiger!$I$2:$I$418,B33,Vtiger!$A$2:$A$418,"G2B",Vtiger!$G$2:$G$418,$P$21)+SUMIFS(Vtiger!$J$2:$J$418,Vtiger!$K$2:$K$418,B33,Vtiger!$A$2:$A$418,"G2B",Vtiger!$G$2:$G$418,$P$21) -> 0 | Q33: =G33+K33+N33 -> 950000000 | R33: =L33+O33 -> 0 | S33: =M33+P33 -> 0
B34: Tổng cộng | C34: =SUM(C22:C33) -> 11400000000 | D34: =SUM(D22:D33) -> 9300000000 | E34: =SUM(E22:E33) -> 9300000000 | F34: =SUM(F22:F33) -> 30000000000 | G34: =SUM(G22:G33) -> 11400000000 | H34: =SUM(H22:H33) -> 13671432000 | I34: =SUM(I22:I33) -> 0 | J34: =SUM(J22:J33) -> 25071432000 | ... S34: =SUM(S22:S33) -> 355232000

Sheet KH_CoHoi
A1: NHÓM | B1: KHÁCH HÀNG | C1: LOẠI | D1: CƠ HỘI/DỰ ÁN | E1: MỨC ĐỘ | F1: THÁNG HĐ | G1: GIÁ TRỊ HĐ | H1: Giá trị DT - Lần 1 | I1: Tháng DT - Lần 1 | J1: Giá trị DT - Lần 2 | K1: Tháng DT - Lần 2 | L1: DT - Lần 3 | M1: Tháng DT - Lần 3
A2: G2B | B2: Bệnh viện Đa khoa Khu vực Ba Tri | C2: Bảo trì | D2: BVĐK Khu vực Ba Tri: Bảo trì kỹ thuật phần mềm Quản lý tổng thể bệnh viện | E2: Mức 1: Đạt 80-100% | F2: Tháng 01 | G2: 66000000 | H2: 0 | I2: - | J2: 0 | K2: - | L2: - | M2: 0
A3: UNI | B3: Trường Đại học Nông Lâm TP. Hồ Chí Minh | C3: Bảo trì | D3: Trường Đại học Nông Lâm HCM: OJS | E3: Mức 1: Đạt 80-100% | F3: Tháng 01 | G3: 16000000 | H3: 0 | I3: - | J3: 0 | K3: - | L3: - | M3: 0
A4: UNI | B4: Trường Đại học Luật - Đại học Huế | C4: Bảo trì | D4: ĐH Luật Huế: Bảo trì kỹ thuật phần mềm Hệ thống Tích hợp thông tin Quản lý đào tạo | E4: Mức 1: Đạt 80-100% | F4: Tháng 01 | G4: 26200000 | H4: 0 | I4: - | J4: 0 | K4: - | L4: - | M4: 0
A5: UNI | B5: Trường Đại học Sư phạm Đà Nẵng | C5: Mới | D5: UED: Quản lý ký túc xá + nhận dạng vào/ra KTX | E5: Mức 2: Đạt 50-79% | F5: Tháng 02 | G5: 200000000 | H5: 200000000 | I5: Tháng 05 | J5: 0 | K5: - | L5: - | M5: 0
A6: UNI | B6: Trường Cao đẳng Nghề Kiên Giang | C6: Bảo trì | D6: CĐ Nghề Kiên Giang: Bảo trì kỹ thuật phần mềm Hệ thống tích hợp thông tin Quản lý đào tạo | E6: Mức 1: Đạt 80-100% | F6: Tháng 03 | G6: 19140000 | H6: 0 | I6: - | J6: 0 | K6: - | L6: - | M6: 0
A7: UNI | B7: Trung tâm đào tạo và sát hạch lái xe Trường Cao đẳng Kiên Giang | C7: Mới | D7: TT Sát hạch KG: Kết nối thu phí ngân hàng VCB | E7: Mức 2: Đạt 50-79% | F7: Tháng 03 | G7: 60000000 | H7: 60000000 | I7: - | J7: 0 | K7: - | L7: - | M7: 0
